{
    "providers": [
        {
            "file": "edofishing:font/bars/pointer.png",
            "chars": [
                "\ub001"
            ],
            "height": 15,
            "ascent": 11,
            "type": "bitmap"
        },
        {
            "file": "edofishing:font/bars/bar1.png",
            "chars": [
                "\ub002"
            ],
            "height": 8,
            "ascent": 8,
            "type": "bitmap"
        },
		{
            "file": "edofishing:font/bars/bar2.png",
            "chars": [
                "\ub003"
            ],
            "height": 8,
            "ascent": 8,
            "type": "bitmap"
        },
        {
            "file": "edofishing:font/bars/bar3.png",
            "chars": [
                "\ub004"
            ],
            "height": 8,
            "ascent": 8,
            "type": "bitmap"
        },
        {
            "file": "edofishing:font/bars/bar4.png",
            "chars": [
                "\ub005"
            ],
            "height": 8,
            "ascent": 8,
            "type": "bitmap"
        },
        {
            "file": "edofishing:font/bars/bar5.png",
            "chars": [
                "\ub006"
            ],
            "height": 8,
            "ascent": 8,
            "type": "bitmap"
        },
        {
            "file": "edofishing:font/bars/bar6.png",
            "chars": [
                "\ub007"
            ],
            "height": 8,
            "ascent": 8,
            "type": "bitmap"
        },
        {
            "file": "edofishing:font/bars/bar7.png",
            "chars": [
                "\ub008"
            ],
            "height": 8,
            "ascent": 8,
            "type": "bitmap"
        },
        {
            "file": "edofishing:font/bars/bar8.png",
            "chars": [
                "\ub009"
            ],
            "height": 8,
            "ascent": 8,
            "type": "bitmap"
        },
        {
            "file": "edofishing:font/bars/bar9.png",
            "chars": [
                "\ub00a"
            ],
            "height": 8,
            "ascent": 8,
            "type": "bitmap"
        },
        {
            "file": "edofishing:font/bars/bar_rainbow.png",
            "chars": [
                "\ub00b"
            ],
            "height": 8,
            "ascent": 8,
            "type": "bitmap"
        },
		{
            "file": "edofishing:font/bars/bar10.png",
            "chars": [
                "\ub00c"
            ],
            "height": 8,
            "ascent": 7,
            "type": "bitmap"
        },
		{
            "file": "edofishing:font/bars/fish_icon.png",
            "chars": [
                "\ub00d"
            ],
            "height": 5,
            "ascent": 4,
            "type": "bitmap"
        },
		{
            "file": "edofishing:font/bars/struggling_fish_icon.png",
            "chars": [
                "\ub00e"
            ],
            "height": 5,
            "ascent": 5,
            "type": "bitmap"
        },
		{
            "file": "edofishing:font/bars/struggling_fish_icon.png",
            "chars": [
                "\ub00f"
            ],
            "height": 5,
            "ascent": 4,
            "type": "bitmap"
        },
		{
            "file": "edofishing:font/bars/struggling_fish_icon.png",
            "chars": [
                "\ub010"
            ],
            "height": 5,
            "ascent": 3,
            "type": "bitmap"
        },
		{
            "file": "edofishing:font/bars/bar11.png",
            "chars": [
                "\ub011"
            ],
            "height": 20,
            "ascent": 12,
            "type": "bitmap"
        },
        {
            "file": "edofishing:font/bars/judgment_area_easy.png",
            "chars": [
                "\ub012"
            ],
            "height": 6,
            "ascent": 6,
            "type": "bitmap"
        },
        {
            "file": "edofishing:font/bars/judgment_area_normal.png",
            "chars": [
                "\ub013"
            ],
            "height": 6,
            "ascent": 6,
            "type": "bitmap"
        },
        {
            "file": "edofishing:font/bars/judgment_area_hard.png",
            "chars": [
                "\ub014"
            ],
            "height": 6,
            "ascent": 6,
            "type": "bitmap"
        }
    ]
}