{
	"texture_size": [64, 64],
	"textures": {
		"0": "edoplushies:plushies/edoxmas/plushie_krampus_texture"
	},
	"elements": [
		{
			"name": "torso",
			"from": [5.5, 0, 7.25],
			"to": [10.5, 8, 12.25],
			"rotation": {"angle": 0, "axis": "y", "origin": [8, 2.0045, 8.85355]},
			"faces": {
				"north": {"uv": [6.75, 0, 8, 2], "texture": "#0"},
				"east": {"uv": [4, 7.75, 5.25, 9.75], "texture": "#0"},
				"south": {"uv": [5.5, 7.75, 6.75, 9.75], "texture": "#0"},
				"west": {"uv": [7, 7.75, 8.25, 9.75], "texture": "#0"},
				"up": {"uv": [8, 3.5, 6.75, 2.25], "texture": "#0"},
				"down": {"uv": [3.25, 8, 2, 9.25], "texture": "#0"}
			}
		},
		{
			"name": "head",
			"from": [4.5, 6.925, 4.85],
			"to": [11.5, 12.925, 11.85],
			"rotation": {"angle": -22.5, "axis": "x", "origin": [8, 9.075, 8.25]},
			"faces": {
				"north": {"uv": [4, 6, 5.75, 7.5], "texture": "#0"},
				"east": {"uv": [6, 6, 7.75, 7.5], "texture": "#0"},
				"south": {"uv": [0, 6.5, 1.75, 8], "texture": "#0"},
				"west": {"uv": [6.5, 4, 8.25, 5.5], "texture": "#0"},
				"up": {"uv": [4.25, 5.75, 2.5, 4], "texture": "#0"},
				"down": {"uv": [1.75, 4.5, 0, 6.25], "texture": "#0"}
			}
		},
		{
			"name": "head",
			"from": [3.5, 12.925, 4.85],
			"to": [12.5, 13.925, 12.85],
			"rotation": {"angle": -22.5, "axis": "x", "origin": [8, 9.075, 8.25]},
			"faces": {
				"north": {"uv": [10.25, 1.5, 12.5, 1.75], "texture": "#0"},
				"east": {"uv": [10.5, 2.5, 12.5, 2.75], "texture": "#0"},
				"south": {"uv": [10.25, 2, 12.5, 2.25], "texture": "#0"},
				"west": {"uv": [10.5, 3, 12.5, 3.25], "texture": "#0"},
				"up": {"uv": [2.25, 2, 0, 0], "texture": "#0"},
				"down": {"uv": [2.25, 2.25, 0, 4.25], "texture": "#0"}
			}
		},
		{
			"name": "head",
			"from": [2.5, 12.925, 2.85],
			"to": [13.5, 14.925, 4.85],
			"rotation": {"angle": -22.5, "axis": "x", "origin": [8, 9.075, 8.25]},
			"faces": {
				"north": {"uv": [8, 5.75, 10.75, 6.25], "texture": "#0"},
				"east": {"uv": [11.25, 11, 11.75, 11.5], "texture": "#0"},
				"south": {"uv": [8, 6.5, 10.75, 7], "texture": "#0"},
				"west": {"uv": [0, 11.5, 0.5, 12], "texture": "#0"},
				"up": {"uv": [11, 0.5, 8.25, 0], "texture": "#0"},
				"down": {"uv": [11, 0.75, 8.25, 1.25], "texture": "#0"}
			}
		},
		{
			"name": "head",
			"from": [11.5, 5.925, 4.85],
			"to": [12.5, 12.925, 12.85],
			"rotation": {"angle": -22.5, "axis": "x", "origin": [8, 9.075, 8.25]},
			"faces": {
				"north": {"uv": [3.5, 8, 3.75, 9.75], "texture": "#0"},
				"east": {"uv": [2.5, 0, 4.5, 1.75], "texture": "#0"},
				"south": {"uv": [4, 10.75, 4.25, 12.5], "texture": "#0"},
				"west": {"uv": [2.5, 2, 4.5, 3.75], "texture": "#0"},
				"up": {"uv": [3.25, 12.75, 3, 10.75], "texture": "#0"},
				"down": {"uv": [3.75, 10.75, 3.5, 12.75], "texture": "#0"}
			}
		},
		{
			"name": "head",
			"from": [11.5, 5.925, 2.85],
			"to": [13.5, 12.925, 4.85],
			"rotation": {"angle": -22.5, "axis": "x", "origin": [8, 9.075, 8.25]},
			"faces": {
				"north": {"uv": [9.25, 7.25, 9.75, 9], "texture": "#0"},
				"east": {"uv": [9.25, 9.25, 9.75, 11], "texture": "#0"},
				"south": {"uv": [1.5, 9.5, 2, 11.25], "texture": "#0"},
				"west": {"uv": [2.25, 9.5, 2.75, 11.25], "texture": "#0"},
				"up": {"uv": [1.25, 12, 0.75, 11.5], "texture": "#0"},
				"down": {"uv": [2, 11.5, 1.5, 12], "texture": "#0"}
			}
		},
		{
			"name": "head",
			"from": [3.5, 5.925, 4.85],
			"to": [4.5, 12.925, 12.85],
			"rotation": {"angle": -22.5, "axis": "x", "origin": [8, 9.075, 8.25]},
			"faces": {
				"north": {"uv": [3.75, 8, 3.5, 9.75], "texture": "#0"},
				"east": {"uv": [4.5, 2, 2.5, 3.75], "texture": "#0"},
				"south": {"uv": [4.25, 10.75, 4, 12.5], "texture": "#0"},
				"west": {"uv": [4.5, 0, 2.5, 1.75], "texture": "#0"},
				"up": {"uv": [3, 12.75, 3.25, 10.75], "texture": "#0"},
				"down": {"uv": [3.5, 10.75, 3.75, 12.75], "texture": "#0"}
			}
		},
		{
			"name": "head",
			"from": [2.5, 5.925, 2.85],
			"to": [4.5, 12.925, 4.85],
			"rotation": {"angle": -22.5, "axis": "x", "origin": [8, 9.075, 8.25]},
			"faces": {
				"north": {"uv": [9.75, 7.25, 9.25, 9], "texture": "#0"},
				"east": {"uv": [2.75, 9.5, 2.25, 11.25], "texture": "#0"},
				"south": {"uv": [2, 9.5, 1.5, 11.25], "texture": "#0"},
				"west": {"uv": [9.75, 9.25, 9.25, 11], "texture": "#0"},
				"up": {"uv": [0.75, 12, 1.25, 11.5], "texture": "#0"},
				"down": {"uv": [1.5, 11.5, 2, 12], "texture": "#0"}
			}
		},
		{
			"name": "head",
			"from": [4.5, 5.925, 11.85],
			"to": [11.5, 12.925, 12.85],
			"rotation": {"angle": -22.5, "axis": "x", "origin": [8, 9.075, 8.25]},
			"faces": {
				"north": {"uv": [4.5, 4, 6.25, 5.75], "texture": "#0"},
				"east": {"uv": [10.75, 9.5, 11, 11.25], "texture": "#0"},
				"south": {"uv": [4.75, 0, 6.5, 1.75], "texture": "#0"},
				"west": {"uv": [8.25, 11, 8.5, 12.75], "texture": "#0"},
				"up": {"uv": [12.75, 6, 11, 5.75], "texture": "#0"},
				"down": {"uv": [12.75, 6.25, 11, 6.5], "texture": "#0"}
			}
		},
		{
			"name": "head",
			"from": [4.5, 5.925, 4.85],
			"to": [11.5, 6.925, 11.85],
			"rotation": {"angle": -22.5, "axis": "x", "origin": [8, 9.075, 8.25]},
			"faces": {
				"north": {"uv": [11, 6.75, 12.75, 7], "texture": "#0"},
				"east": {"uv": [11.25, 0, 13, 0.25], "texture": "#0"},
				"south": {"uv": [11.25, 0.5, 13, 0.75], "texture": "#0"},
				"west": {"uv": [11.25, 1, 13, 1.25], "texture": "#0"},
				"up": {"uv": [6.5, 3.75, 4.75, 2], "texture": "#0"},
				"down": {"uv": [3.75, 6, 2, 7.75], "texture": "#0"}
			}
		},
		{
			"name": "head",
			"from": [4.5, 5.925, 3.85],
			"to": [11.5, 8.925, 4.85],
			"rotation": {"angle": -22.5, "axis": "x", "origin": [8, 9.075, 8.25]},
			"faces": {
				"north": {"uv": [0, 8.25, 1.75, 9], "texture": "#0"},
				"east": {"uv": [2, 4.5, 2.25, 5.25], "texture": "#0"},
				"south": {"uv": [8.25, 1.5, 10, 2.25], "texture": "#0"},
				"west": {"uv": [1.5, 12.25, 1.75, 13], "texture": "#0"},
				"up": {"uv": [10.5, 11.5, 8.75, 11.25], "texture": "#0"},
				"down": {"uv": [13, 9.5, 11.25, 9.75], "texture": "#0"}
			}
		},
		{
			"name": "head",
			"from": [4.5, 3.48097, 5.39038],
			"to": [11.5, 4.48097, 5.39038],
			"rotation": {"angle": 0, "axis": "x", "origin": [8, 3.98097, 5.39038]},
			"faces": {
				"north": {"uv": [11.25, 10, 13, 10.25], "texture": "#0"},
				"east": {"uv": [2, 5.5, 2, 5.75], "texture": "#0"},
				"south": {"uv": [13, 10, 11.25, 10.25], "texture": "#0"},
				"west": {"uv": [2.25, 5.5, 2.25, 5.75], "texture": "#0"},
				"up": {"uv": [6.25, 12.25, 4.5, 12.25], "texture": "#0"},
				"down": {"uv": [14, 5, 12.25, 5], "texture": "#0"}
			}
		},
		{
			"name": "head",
			"from": [7, 7.925, 2.85],
			"to": [9, 9.925, 4.85],
			"rotation": {"angle": -22.5, "axis": "x", "origin": [8, 9.075, 8.25]},
			"faces": {
				"north": {"uv": [2.25, 11.5, 2.75, 12], "texture": "#0"},
				"east": {"uv": [4.5, 11.5, 5, 12], "texture": "#0"},
				"south": {"uv": [11.5, 5, 12, 5.5], "texture": "#0"},
				"west": {"uv": [5.25, 11.5, 5.75, 12], "texture": "#0"},
				"up": {"uv": [6.5, 12, 6, 11.5], "texture": "#0"},
				"down": {"uv": [7.25, 11.5, 6.75, 12], "texture": "#0"}
			}
		},
		{
			"name": "horns",
			"from": [3.325, 16.32701, 8.25203],
			"to": [5.275, 18.32701, 10.25203],
			"rotation": {"angle": 22.5, "axis": "z", "origin": [6.225, 16.17523, 11.39315]},
			"faces": {
				"north": {"uv": [7.5, 11.5, 8, 12], "texture": "#0"},
				"east": {"uv": [11.5, 8.75, 12, 9.25], "texture": "#0"},
				"south": {"uv": [11.75, 3.5, 12.25, 4], "texture": "#0"},
				"west": {"uv": [11.75, 4.25, 12.25, 4.75], "texture": "#0"},
				"up": {"uv": [9.25, 12.25, 8.75, 11.75], "texture": "#0"},
				"down": {"uv": [10, 11.75, 9.5, 12.25], "texture": "#0"}
			}
		},
		{
			"name": "horns",
			"from": [3.325, 18.32701, 5.25203],
			"to": [5.275, 20.32701, 10.25203],
			"rotation": {"angle": 22.5, "axis": "z", "origin": [6.225, 16.17523, 11.39315]},
			"faces": {
				"north": {"uv": [10.25, 11.75, 10.75, 12.25], "texture": "#0"},
				"east": {"uv": [8.5, 5, 9.75, 5.5], "texture": "#0"},
				"south": {"uv": [11, 11.75, 11.5, 12.25], "texture": "#0"},
				"west": {"uv": [3, 10, 4.25, 10.5], "texture": "#0"},
				"up": {"uv": [9, 10.75, 8.5, 9.5], "texture": "#0"},
				"down": {"uv": [5, 10, 4.5, 11.25], "texture": "#0"}
			}
		},
		{
			"name": "horns",
			"from": [3.325, 12.32701, 3.25203],
			"to": [5.275, 20.32701, 5.25203],
			"rotation": {"angle": 22.5, "axis": "z", "origin": [6.225, 16.17523, 11.39315]},
			"faces": {
				"north": {"uv": [8.5, 2.5, 9, 4.5], "texture": "#0"},
				"east": {"uv": [8.5, 7.25, 9, 9.25], "texture": "#0"},
				"south": {"uv": [0, 9.25, 0.5, 11.25], "texture": "#0"},
				"west": {"uv": [0.75, 9.25, 1.25, 11.25], "texture": "#0"},
				"up": {"uv": [12.25, 12.25, 11.75, 11.75], "texture": "#0"},
				"down": {"uv": [12.5, 7.25, 12, 7.75], "texture": "#0"}
			}
		},
		{
			"name": "horns",
			"from": [10.725, 12.32701, 3.25203],
			"to": [12.675, 20.32701, 5.25203],
			"rotation": {"angle": -22.5, "axis": "z", "origin": [9.775, 16.17523, 11.39315]},
			"faces": {
				"north": {"uv": [9, 2.5, 8.5, 4.5], "texture": "#0"},
				"east": {"uv": [1.25, 9.25, 0.75, 11.25], "texture": "#0"},
				"south": {"uv": [0.5, 9.25, 0, 11.25], "texture": "#0"},
				"west": {"uv": [9, 7.25, 8.5, 9.25], "texture": "#0"},
				"up": {"uv": [11.75, 12.25, 12.25, 11.75], "texture": "#0"},
				"down": {"uv": [12, 7.25, 12.5, 7.75], "texture": "#0"}
			}
		},
		{
			"name": "horns",
			"from": [10.725, 18.32701, 5.25203],
			"to": [12.675, 20.32701, 10.25203],
			"rotation": {"angle": -22.5, "axis": "z", "origin": [9.775, 16.17523, 11.39315]},
			"faces": {
				"north": {"uv": [10.75, 11.75, 10.25, 12.25], "texture": "#0"},
				"east": {"uv": [4.25, 10, 3, 10.5], "texture": "#0"},
				"south": {"uv": [11.5, 11.75, 11, 12.25], "texture": "#0"},
				"west": {"uv": [9.75, 5, 8.5, 5.5], "texture": "#0"},
				"up": {"uv": [8.5, 10.75, 9, 9.5], "texture": "#0"},
				"down": {"uv": [4.5, 10, 5, 11.25], "texture": "#0"}
			}
		},
		{
			"name": "horns",
			"from": [10.725, 16.32701, 8.25203],
			"to": [12.675, 18.32701, 10.25203],
			"rotation": {"angle": -22.5, "axis": "z", "origin": [9.775, 16.17523, 11.39315]},
			"faces": {
				"north": {"uv": [8, 11.5, 7.5, 12], "texture": "#0"},
				"east": {"uv": [12.25, 4.25, 11.75, 4.75], "texture": "#0"},
				"south": {"uv": [12.25, 3.5, 11.75, 4], "texture": "#0"},
				"west": {"uv": [12, 8.75, 11.5, 9.25], "texture": "#0"},
				"up": {"uv": [8.75, 12.25, 9.25, 11.75], "texture": "#0"},
				"down": {"uv": [9.5, 11.75, 10, 12.25], "texture": "#0"}
			}
		},
		{
			"name": "right_arm",
			"from": [9.83187, 1.24074, 9.25],
			"to": [11.83187, 6.24074, 11.25],
			"rotation": {"angle": 45, "axis": "z", "origin": [10.83187, 4.24074, 10.25]},
			"faces": {
				"north": {"uv": [5.25, 10, 5.75, 11.25], "texture": "#0"},
				"east": {"uv": [6, 10, 6.5, 11.25], "texture": "#0"},
				"south": {"uv": [6.75, 10, 7.25, 11.25], "texture": "#0"},
				"west": {"uv": [10, 7.25, 10.5, 8.5], "texture": "#0"},
				"up": {"uv": [12.5, 8.5, 12, 8], "texture": "#0"},
				"down": {"uv": [12.5, 11, 12, 11.5], "texture": "#0"}
			}
		},
		{
			"name": "left_arm",
			"from": [4.16813, 1.24074, 9.25],
			"to": [6.16813, 6.24074, 11.25],
			"rotation": {"angle": -45, "axis": "z", "origin": [5.16813, 4.24074, 10.25]},
			"faces": {
				"north": {"uv": [5.75, 10, 5.25, 11.25], "texture": "#0"},
				"east": {"uv": [10.5, 7.25, 10, 8.5], "texture": "#0"},
				"south": {"uv": [7.25, 10, 6.75, 11.25], "texture": "#0"},
				"west": {"uv": [6.5, 10, 6, 11.25], "texture": "#0"},
				"up": {"uv": [12, 8.5, 12.5, 8], "texture": "#0"},
				"down": {"uv": [12, 11, 12.5, 11.5], "texture": "#0"}
			}
		},
		{
			"name": "right_leg",
			"from": [9.075, 0.01, 3.25],
			"to": [11.075, 2.01, 8.25],
			"rotation": {"angle": -22.5, "axis": "y", "origin": [8, 0.01, 6.25]},
			"faces": {
				"north": {"uv": [0, 12.25, 0.5, 12.75], "texture": "#0"},
				"east": {"uv": [10, 5, 11.25, 5.5], "texture": "#0"},
				"south": {"uv": [0.75, 12.25, 1.25, 12.75], "texture": "#0"},
				"west": {"uv": [10, 8.75, 11.25, 9.25], "texture": "#0"},
				"up": {"uv": [8, 11.25, 7.5, 10], "texture": "#0"},
				"down": {"uv": [10.5, 9.5, 10, 10.75], "texture": "#0"}
			}
		},
		{
			"name": "left_leg",
			"from": [4.925, 0.01, 3.25],
			"to": [6.925, 2.01, 8.25],
			"rotation": {"angle": 22.5, "axis": "y", "origin": [8, 0.01, 6.25]},
			"faces": {
				"north": {"uv": [0.5, 12.25, 0, 12.75], "texture": "#0"},
				"east": {"uv": [11.25, 8.75, 10, 9.25], "texture": "#0"},
				"south": {"uv": [1.25, 12.25, 0.75, 12.75], "texture": "#0"},
				"west": {"uv": [11.25, 5, 10, 5.5], "texture": "#0"},
				"up": {"uv": [7.5, 11.25, 8, 10], "texture": "#0"},
				"down": {"uv": [10, 9.5, 10.5, 10.75], "texture": "#0"}
			}
		},
		{
			"name": "left_leg",
			"from": [6.2, 0.035, 4.78863],
			"to": [9.8, 1.985, 8.81363],
			"rotation": {"angle": 0, "axis": "y", "origin": [7, 1.035, 6.81363]},
			"faces": {
				"north": {"uv": [10.5, 3.5, 11.5, 4], "texture": "#0"},
				"east": {"uv": [10.5, 4.25, 11.5, 4.75], "texture": "#0"},
				"south": {"uv": [10.75, 7.25, 11.75, 7.75], "texture": "#0"},
				"west": {"uv": [10.75, 8, 11.75, 8.5], "texture": "#0"},
				"up": {"uv": [10.25, 3.5, 9.25, 2.5], "texture": "#0"},
				"down": {"uv": [10.25, 3.75, 9.25, 4.75], "texture": "#0"}
			}
		}
	],
	"display": {
		"thirdperson_righthand": {
			"rotation": [24, 13, 0],
			"translation": [0, 1.25, -0.5],
			"scale": [0.6, 0.6, 0.6]
		},
		"thirdperson_lefthand": {
			"rotation": [24, 13, 0],
			"translation": [0, 0.75, -0.5],
			"scale": [0.6, 0.6, 0.6]
		},
		"firstperson_righthand": {
			"rotation": [0, 109, 5],
			"translation": [3.25, 5.25, 0],
			"scale": [0.71, 0.71, 0.71]
		},
		"firstperson_lefthand": {
			"rotation": [0, 109, 5],
			"translation": [3.25, 5.25, 0],
			"scale": [0.71, 0.71, 0.71]
		},
		"ground": {
			"translation": [0, 3.5, 0],
			"scale": [0.65, 0.65, 0.65]
		},
		"gui": {
			"rotation": [25, 151, 0],
			"translation": [0.5, -1.25, 0],
			"scale": [0.65, 0.65, 0.65]
		},
		"head": {
			"translation": [0, 14.4, 0]
		},
		"fixed": {
			"rotation": [-90, 0, 0],
			"translation": [0, 0, -13.5],
			"scale": [1.7, 1.7, 1.7]
		}
	},
	"groups": [
		{
			"name": "base",
			"origin": [8, 8, 8],
			"color": 0,
			"children": [
				0,
				{
					"name": "group",
					"origin": [8, 7.5, 8.25],
					"color": 0,
					"children": [
						1,
						2,
						3,
						4,
						5,
						6,
						7,
						8,
						9,
						10,
						11,
						12,
						{
							"name": "group",
							"origin": [8, 7.5, 8.25],
							"color": 0,
							"children": [13, 14, 15, 16, 17, 18]
						}
					]
				},
				{
					"name": "group",
					"origin": [10.83187, 3.74074, 9.75],
					"color": 0,
					"children": [19, 20]
				},
				{
					"name": "group",
					"origin": [8, 0.01, 6.25],
					"color": 0,
					"children": [21, 22, 23]
				}
			]
		}
	]
}