{
	"credit": "Made by Nog's Menagerie",
	"texture_size": [64, 64],
	"textures": {
		"0": "edoplushies:plushies/edoxmas/plushie_nutcracker_green_texture"
	},
	"elements": [
		{
			"name": "torso",
			"from": [5.5, 0, 7.25],
			"to": [10.5, 8, 11.25],
			"rotation": {"angle": 0, "axis": "y", "origin": [8, 2.0045, 8.85355]},
			"faces": {
				"north": {"uv": [6, 5.5, 7.25, 7.5], "texture": "#0"},
				"east": {"uv": [2, 7.75, 3, 9.75], "texture": "#0"},
				"south": {"uv": [6.5, 1.5, 7.75, 3.5], "texture": "#0"},
				"west": {"uv": [6, 7.75, 7, 9.75], "texture": "#0"},
				"up": {"uv": [9.25, 2.5, 8, 1.5], "texture": "#0"},
				"down": {"uv": [8.5, 8.25, 7.25, 9.25], "texture": "#0"}
			}
		},
		{
			"name": "head",
			"from": [4.5, 5.575, 4.85],
			"to": [11.5, 11.575, 11.85],
			"rotation": {"angle": -22.5, "axis": "x", "origin": [8, 7.725, 8.25]},
			"faces": {
				"north": {"uv": [4.5, 1.5, 6.25, 3], "texture": "#0"},
				"east": {"uv": [4, 5.5, 5.75, 7], "texture": "#0"},
				"south": {"uv": [0, 6, 1.75, 7.5], "texture": "#0"},
				"west": {"uv": [2, 6, 3.75, 7.5], "texture": "#0"},
				"up": {"uv": [4.25, 1.75, 2.5, 0], "texture": "#0"},
				"down": {"uv": [4.25, 2, 2.5, 3.75], "texture": "#0"}
			}
		},
		{
			"name": "head",
			"from": [4.5, 3.38642, 5.54822],
			"to": [11.5, 5.38642, 5.54822],
			"rotation": {"angle": 0, "axis": "y", "origin": [8, 2.38642, 5.54822]},
			"faces": {
				"north": {"uv": [4.5, 3.25, 6.25, 3.75], "texture": "#0"},
				"east": {"uv": [5.5, 8.75, 5.5, 9.25], "texture": "#0"},
				"south": {"uv": [6.25, 3.25, 4.5, 3.75], "texture": "#0"},
				"west": {"uv": [5.75, 8.75, 5.75, 9.25], "texture": "#0"},
				"up": {"uv": [11.25, 2.25, 9.5, 2.25], "texture": "#0"},
				"down": {"uv": [11.25, 2.5, 9.5, 2.5], "texture": "#0"}
			}
		},
		{
			"name": "head",
			"from": [4.5, 11.575, 4.85],
			"to": [11.5, 16.575, 11.85],
			"rotation": {"angle": -22.5, "axis": "x", "origin": [8, 7.725, 8.25]},
			"faces": {
				"north": {"uv": [6.5, 3.75, 8.25, 5], "texture": "#0"},
				"east": {"uv": [7, 0, 8.75, 1.25], "texture": "#0"},
				"south": {"uv": [4, 7.25, 5.75, 8.5], "texture": "#0"},
				"west": {"uv": [7.5, 5.25, 9.25, 6.5], "texture": "#0"},
				"up": {"uv": [1.75, 5.75, 0, 4], "texture": "#0"},
				"down": {"uv": [3.75, 4, 2, 5.75], "texture": "#0"}
			}
		},
		{
			"name": "head",
			"from": [3.5, 6.575, 5.85],
			"to": [12.5, 11.575, 12.85],
			"rotation": {"angle": -22.5, "axis": "x", "origin": [8, 7.725, 8.25]},
			"faces": {
				"north": {"uv": [4, 4, 6.25, 5.25], "texture": "#0"},
				"east": {"uv": [7.5, 6.75, 9.25, 8], "texture": "#0"},
				"south": {"uv": [4.5, 0, 6.75, 1.25], "texture": "#0"},
				"west": {"uv": [0, 7.75, 1.75, 9], "texture": "#0"},
				"up": {"uv": [2.25, 1.75, 0, 0], "texture": "#0"},
				"down": {"uv": [2.25, 2, 0, 3.75], "texture": "#0"}
			}
		},
		{
			"name": "head",
			"from": [7, 6.625, 2.725],
			"to": [9, 8.625, 4.725],
			"rotation": {"angle": -22.5, "axis": "x", "origin": [8, 8.075, 8.25]},
			"faces": {
				"north": {"uv": [9, 0.75, 9.5, 1.25], "texture": "#0"},
				"east": {"uv": [0, 9.25, 0.5, 9.75], "texture": "#0"},
				"south": {"uv": [0.75, 9.25, 1.25, 9.75], "texture": "#0"},
				"west": {"uv": [9.25, 3.5, 9.75, 4], "texture": "#0"},
				"up": {"uv": [9.75, 4.75, 9.25, 4.25], "texture": "#0"},
				"down": {"uv": [10, 1.5, 9.5, 2], "texture": "#0"}
			}
		},
		{
			"name": "right_arm",
			"from": [10.71576, 2.10686, 8.25],
			"to": [12.71576, 6.10686, 10.25],
			"rotation": {"angle": 45, "axis": "z", "origin": [11.71576, 2.85686, 6]},
			"faces": {
				"north": {"uv": [3.25, 7.75, 3.75, 8.75], "texture": "#0"},
				"east": {"uv": [8.5, 3.5, 9, 4.5], "texture": "#0"},
				"south": {"uv": [4, 8.75, 4.5, 9.75], "texture": "#0"},
				"west": {"uv": [4.75, 8.75, 5.25, 9.75], "texture": "#0"},
				"up": {"uv": [10, 5.5, 9.5, 5], "texture": "#0"},
				"down": {"uv": [10, 5.75, 9.5, 6.25], "texture": "#0"}
			}
		},
		{
			"name": "left_arm",
			"from": [3.28424, 2.10686, 8.25],
			"to": [5.28424, 6.10686, 10.25],
			"rotation": {"angle": -45, "axis": "z", "origin": [4.28424, 2.85686, 6]},
			"faces": {
				"north": {"uv": [3.75, 7.75, 3.25, 8.75], "texture": "#0"},
				"east": {"uv": [5.25, 8.75, 4.75, 9.75], "texture": "#0"},
				"south": {"uv": [4.5, 8.75, 4, 9.75], "texture": "#0"},
				"west": {"uv": [9, 3.5, 8.5, 4.5], "texture": "#0"},
				"up": {"uv": [9.5, 5.5, 10, 5], "texture": "#0"},
				"down": {"uv": [9.5, 5.75, 10, 6.25], "texture": "#0"}
			}
		},
		{
			"name": "right_leg",
			"from": [9, 0.01, 4.25],
			"to": [11, 2.01, 8.25],
			"rotation": {"angle": -22.5, "axis": "y", "origin": [8, 0.01, 6.25]},
			"faces": {
				"north": {"uv": [9.5, 6.5, 10, 7], "texture": "#0"},
				"east": {"uv": [8.75, 8.25, 9.75, 8.75], "texture": "#0"},
				"south": {"uv": [7.25, 9.5, 7.75, 10], "texture": "#0"},
				"west": {"uv": [9, 0, 10, 0.5], "texture": "#0"},
				"up": {"uv": [3.75, 10, 3.25, 9], "texture": "#0"},
				"down": {"uv": [9.25, 9, 8.75, 10], "texture": "#0"}
			}
		},
		{
			"name": "left_leg",
			"from": [5, 0.01, 4.25],
			"to": [7, 2.01, 8.25],
			"rotation": {"angle": 22.5, "axis": "y", "origin": [8, 0.01, 6.25]},
			"faces": {
				"north": {"uv": [10, 6.5, 9.5, 7], "texture": "#0"},
				"east": {"uv": [10, 0, 9, 0.5], "texture": "#0"},
				"south": {"uv": [7.75, 9.5, 7.25, 10], "texture": "#0"},
				"west": {"uv": [9.75, 8.25, 8.75, 8.75], "texture": "#0"},
				"up": {"uv": [3.25, 10, 3.75, 9], "texture": "#0"},
				"down": {"uv": [8.75, 9, 9.25, 10], "texture": "#0"}
			}
		}
	],
	"display": {
		"thirdperson_righthand": {
			"rotation": [24, 13, 0],
			"translation": [0, 1.25, -0.5],
			"scale": [0.6, 0.6, 0.6]
		},
		"thirdperson_lefthand": {
			"rotation": [24, 13, 0],
			"translation": [0, 0.75, -0.5],
			"scale": [0.6, 0.6, 0.6]
		},
		"firstperson_righthand": {
			"rotation": [0, 109, 5],
			"translation": [2, 5.25, 0],
			"scale": [0.71, 0.71, 0.71]
		},
		"firstperson_lefthand": {
			"rotation": [0, 109, 5],
			"translation": [2, 5.25, 0],
			"scale": [0.71, 0.71, 0.71]
		},
		"ground": {
			"translation": [0, 3.5, 0],
			"scale": [0.65, 0.65, 0.65]
		},
		"gui": {
			"rotation": [25, 151, 0],
			"translation": [0.25, 0, 0],
			"scale": [0.73, 0.73, 0.73]
		},
		"head": {
			"translation": [0, 14.4, 0]
		},
		"fixed": {
			"rotation": [-90, 0, 0],
			"translation": [0, 0, -13.5],
			"scale": [1.7, 1.7, 1.7]
		}
	},
	"groups": [
		{
			"name": "base",
			"origin": [8, 8, 8],
			"color": 0,
			"children": [
				0,
				{
					"name": "group",
					"origin": [8, 7.5, 8.25],
					"color": 0,
					"children": [1, 2, 3, 4, 5]
				},
				{
					"name": "group",
					"origin": [5.16813, 3.74074, 9.25],
					"color": 0,
					"children": [6, 7]
				},
				{
					"name": "group",
					"origin": [8, 0.01, 6.25],
					"color": 0,
					"children": [8, 9]
				}
			]
		}
	]
}