{
	"texture_size": [64, 64],
	"textures": {
		"0": "edoplushies:plushies/edoxmas/plushie_angel_texture"
	},
	"elements": [
		{
			"name": "torso",
			"from": [5.5, 0, 7.25],
			"to": [10.5, 6, 11.25],
			"rotation": {"angle": 0, "axis": "y", "origin": [8, 2.0045, 8.85355]},
			"faces": {
				"north": {"uv": [8.5, 8.75, 9.75, 10.25], "texture": "#0"},
				"east": {"uv": [9, 0, 10, 1.5], "texture": "#0"},
				"south": {"uv": [0, 9, 1.25, 10.5], "texture": "#0"},
				"west": {"uv": [1.5, 9, 2.5, 10.5], "texture": "#0"},
				"up": {"uv": [4, 10, 2.75, 9], "texture": "#0"},
				"down": {"uv": [5.5, 9.25, 4.25, 10.25], "texture": "#0"}
			}
		},
		{
			"name": "torso",
			"from": [7.47558, 0, 13.72417],
			"to": [14.47558, 9, 13.72417],
			"rotation": {"angle": -45, "axis": "y", "origin": [10.97558, 4.5, 13.72417]},
			"faces": {
				"north": {"uv": [6.75, 2.25, 8.5, 4.5], "texture": "#0"},
				"east": {"uv": [5.25, 10.5, 5.25, 12.75], "texture": "#0"},
				"south": {"uv": [8.5, 2.25, 6.75, 4.5], "texture": "#0"},
				"west": {"uv": [5.5, 10.5, 5.5, 12.75], "texture": "#0"},
				"up": {"uv": [12.25, 8.5, 10.5, 8.5], "texture": "#0"},
				"down": {"uv": [12.5, 2.5, 10.75, 2.5], "texture": "#0"}
			}
		},
		{
			"name": "torso",
			"from": [1.52442, 0, 13.72417],
			"to": [8.52442, 9, 13.72417],
			"rotation": {"angle": 45, "axis": "y", "origin": [5.02442, 4.5, 13.72417]},
			"faces": {
				"north": {"uv": [8.5, 2.25, 6.75, 4.5], "texture": "#0"},
				"east": {"uv": [5.5, 10.5, 5.5, 12.75], "texture": "#0"},
				"south": {"uv": [6.75, 2.25, 8.5, 4.5], "texture": "#0"},
				"west": {"uv": [5.25, 10.5, 5.25, 12.75], "texture": "#0"},
				"up": {"uv": [10.5, 8.5, 12.25, 8.5], "texture": "#0"},
				"down": {"uv": [10.75, 2.5, 12.5, 2.5], "texture": "#0"}
			}
		},
		{
			"name": "head",
			"from": [4.5, 4.575, 4.85],
			"to": [11.5, 11.575, 11.85],
			"rotation": {"angle": -22.5, "axis": "x", "origin": [8, 6.725, 8.25]},
			"faces": {
				"north": {"uv": [6.75, 4.75, 8.5, 6.5], "texture": "#0"},
				"east": {"uv": [6.5, 6.75, 8.25, 8.5], "texture": "#0"},
				"south": {"uv": [8.5, 6.75, 10.25, 8.5], "texture": "#0"},
				"west": {"uv": [8.75, 2.25, 10.5, 4], "texture": "#0"},
				"up": {"uv": [10.5, 6, 8.75, 4.25], "texture": "#0"},
				"down": {"uv": [8.25, 8.75, 6.5, 10.5], "texture": "#0"}
			}
		},
		{
			"name": "nose",
			"from": [7, 5.575, 2.85],
			"to": [9, 7.575, 4.85],
			"rotation": {"angle": -22.5, "axis": "x", "origin": [8, 6.725, 8.25]},
			"faces": {
				"north": {"uv": [4.5, 10.5, 5, 11], "texture": "#0"},
				"east": {"uv": [10.5, 6.25, 11, 6.75], "texture": "#0"},
				"south": {"uv": [10.5, 7, 11, 7.5], "texture": "#0"},
				"west": {"uv": [10.5, 7.75, 11, 8.25], "texture": "#0"},
				"up": {"uv": [9, 11, 8.5, 10.5], "texture": "#0"},
				"down": {"uv": [9.75, 10.5, 9.25, 11], "texture": "#0"}
			}
		},
		{
			"name": "head",
			"from": [12, 3.80642, 3.22269],
			"to": [12, 11.80642, 11.22269],
			"rotation": {"angle": -22.5, "axis": "x", "origin": [8, 9.40642, 7.02269]},
			"faces": {
				"north": {"uv": [2.25, 10.75, 2.25, 12.75], "texture": "#0"},
				"east": {"uv": [0, 0, 2, 2], "texture": "#0"},
				"south": {"uv": [2.5, 10.75, 2.5, 12.75], "texture": "#0"},
				"west": {"uv": [2, 0, 0, 2], "texture": "#0"},
				"up": {"uv": [10.75, 4.75, 10.75, 2.75], "texture": "#0"},
				"down": {"uv": [6.5, 10.75, 6.5, 12.75], "texture": "#0"}
			}
		},
		{
			"name": "head",
			"from": [4, 3.80642, 3.22269],
			"to": [4, 11.80642, 11.22269],
			"rotation": {"angle": -22.5, "axis": "x", "origin": [8, 9.40642, 7.02269]},
			"faces": {
				"north": {"uv": [2.25, 10.75, 2.25, 12.75], "texture": "#0"},
				"east": {"uv": [0, 0, 2, 2], "texture": "#0"},
				"south": {"uv": [2.5, 10.75, 2.5, 12.75], "texture": "#0"},
				"west": {"uv": [2, 0, 0, 2], "texture": "#0"},
				"up": {"uv": [10.75, 4.75, 10.75, 2.75], "texture": "#0"},
				"down": {"uv": [6.5, 10.75, 6.5, 12.75], "texture": "#0"}
			}
		},
		{
			"name": "head",
			"from": [4, 3.80642, 3.22269],
			"to": [12, 11.80642, 3.22269],
			"rotation": {"angle": -22.5, "axis": "x", "origin": [8, 9.40642, 7.02269]},
			"faces": {
				"north": {"uv": [0, 4.5, 2, 6.5], "texture": "#0"},
				"east": {"uv": [7.75, 10.75, 7.75, 12.75], "texture": "#0"},
				"south": {"uv": [2, 4.5, 0, 6.5], "texture": "#0"},
				"west": {"uv": [8, 10.75, 8, 12.75], "texture": "#0"},
				"up": {"uv": [12.75, 5, 10.75, 5], "texture": "#0"},
				"down": {"uv": [12.75, 5.25, 10.75, 5.25], "texture": "#0"}
			}
		},
		{
			"name": "head",
			"from": [4, 11.88254, 3.60538],
			"to": [12, 11.88254, 11.60538],
			"rotation": {"angle": -22.5, "axis": "x", "origin": [8, 8.48254, 7.40538]},
			"faces": {
				"north": {"uv": [10.75, 5.5, 12.75, 5.5], "texture": "#0"},
				"east": {"uv": [10.75, 5.75, 12.75, 5.75], "texture": "#0"},
				"south": {"uv": [10.75, 6, 12.75, 6], "texture": "#0"},
				"west": {"uv": [10.75, 8.75, 12.75, 8.75], "texture": "#0"},
				"up": {"uv": [4.25, 6.5, 2.25, 4.5], "texture": "#0"},
				"down": {"uv": [4.25, 4.5, 2.25, 6.5], "texture": "#0"}
			}
		},
		{
			"name": "head",
			"from": [4, 12.88254, 3.60538],
			"to": [12, 12.88254, 11.60538],
			"rotation": {"angle": -22.5, "axis": "x", "origin": [8, 8.48254, 7.40538]},
			"faces": {
				"north": {"uv": [10.75, 9, 12.75, 9], "texture": "#0"},
				"east": {"uv": [10.75, 9.25, 12.75, 9.25], "texture": "#0"},
				"south": {"uv": [10.75, 9.5, 12.75, 9.5], "texture": "#0"},
				"west": {"uv": [10.75, 9.75, 12.75, 9.75], "texture": "#0"},
				"up": {"uv": [6.5, 6.5, 4.5, 4.5], "texture": "#0"},
				"down": {"uv": [6.5, 4.5, 4.5, 6.5], "texture": "#0"}
			}
		},
		{
			"name": "head",
			"from": [4, 3.80642, 11.22269],
			"to": [12, 11.80642, 11.22269],
			"rotation": {"angle": -22.5, "axis": "x", "origin": [8, 9.40642, 7.02269]},
			"faces": {
				"north": {"uv": [4.25, 6.75, 2.25, 8.75], "texture": "#0"},
				"east": {"uv": [8.25, 10.75, 8.25, 12.75], "texture": "#0"},
				"south": {"uv": [2.25, 6.75, 4.25, 8.75], "texture": "#0"},
				"west": {"uv": [10, 10.75, 10, 12.75], "texture": "#0"},
				"up": {"uv": [12.75, 10, 10.75, 10], "texture": "#0"},
				"down": {"uv": [12.25, 10.75, 10.25, 10.75], "texture": "#0"}
			}
		},
		{
			"name": "right_arm",
			"from": [9.83187, 1.24074, 8.25],
			"to": [11.83187, 4.24074, 10.25],
			"rotation": {"angle": 45, "axis": "z", "origin": [10.83187, 2.74074, 9.25]},
			"faces": {
				"north": {"uv": [5.75, 9.25, 6.25, 10], "texture": "#0"},
				"east": {"uv": [10, 8.75, 10.5, 9.5], "texture": "#0"},
				"south": {"uv": [10, 9.75, 10.5, 10.5], "texture": "#0"},
				"west": {"uv": [10.25, 0, 10.75, 0.75], "texture": "#0"},
				"up": {"uv": [0.5, 11.25, 0, 10.75], "texture": "#0"},
				"down": {"uv": [1.25, 10.75, 0.75, 11.25], "texture": "#0"}
			}
		},
		{
			"name": "left_arm",
			"from": [4.16813, 1.24074, 8.25],
			"to": [6.16813, 4.24074, 10.25],
			"rotation": {"angle": -45, "axis": "z", "origin": [5.16813, 2.74074, 9.25]},
			"faces": {
				"north": {"uv": [6.25, 9.25, 5.75, 10], "texture": "#0"},
				"east": {"uv": [10.75, 0, 10.25, 0.75], "texture": "#0"},
				"south": {"uv": [10.5, 9.75, 10, 10.5], "texture": "#0"},
				"west": {"uv": [10.5, 8.75, 10, 9.5], "texture": "#0"},
				"up": {"uv": [0, 11.25, 0.5, 10.75], "texture": "#0"},
				"down": {"uv": [0.75, 10.75, 1.25, 11.25], "texture": "#0"}
			}
		},
		{
			"name": "right_leg",
			"from": [9, 0.01, 4.75],
			"to": [11, 2.01, 7.75],
			"rotation": {"angle": -22.5, "axis": "y", "origin": [8, 0.01, 6.25]},
			"faces": {
				"north": {"uv": [1.5, 10.75, 2, 11.25], "texture": "#0"},
				"east": {"uv": [10.25, 1, 11, 1.5], "texture": "#0"},
				"south": {"uv": [10.75, 1.75, 11.25, 2.25], "texture": "#0"},
				"west": {"uv": [2.75, 10.25, 3.5, 10.75], "texture": "#0"},
				"up": {"uv": [6.25, 11, 5.75, 10.25], "texture": "#0"},
				"down": {"uv": [4.25, 10.5, 3.75, 11.25], "texture": "#0"}
			}
		},
		{
			"name": "left_leg",
			"from": [5, 0.01, 4.75],
			"to": [7, 2.01, 7.75],
			"rotation": {"angle": 22.5, "axis": "y", "origin": [8, 0.01, 6.25]},
			"faces": {
				"north": {"uv": [2, 10.75, 1.5, 11.25], "texture": "#0"},
				"east": {"uv": [3.5, 10.25, 2.75, 10.75], "texture": "#0"},
				"south": {"uv": [11.25, 1.75, 10.75, 2.25], "texture": "#0"},
				"west": {"uv": [11, 1, 10.25, 1.5], "texture": "#0"},
				"up": {"uv": [5.75, 11, 6.25, 10.25], "texture": "#0"},
				"down": {"uv": [3.75, 10.5, 4.25, 11.25], "texture": "#0"}
			}
		},
		{
			"name": "left_leg",
			"from": [6.25, 0.035, 5.81363],
			"to": [9.75, 1.985, 8.81363],
			"rotation": {"angle": 0, "axis": "y", "origin": [7, 1.035, 6.81363]},
			"faces": {
				"north": {"uv": [2, 0.75, 3, 1.25], "texture": "#0"},
				"east": {"uv": [2, 1.25, 2.75, 1.75], "texture": "#0"},
				"south": {"uv": [1, 2, 2, 2.5], "texture": "#0"},
				"west": {"uv": [2, 1.75, 2.75, 2.25], "texture": "#0"},
				"up": {"uv": [1, 2.75, 0, 2], "texture": "#0"},
				"down": {"uv": [3, 0, 2, 0.75], "texture": "#0"}
			}
		}
	],
	"display": {
		"thirdperson_righthand": {
			"rotation": [24, 13, 0],
			"translation": [0, 1.25, -0.5],
			"scale": [0.6, 0.6, 0.6]
		},
		"thirdperson_lefthand": {
			"rotation": [24, 13, 0],
			"translation": [0, 0.75, -0.5],
			"scale": [0.6, 0.6, 0.6]
		},
		"firstperson_righthand": {
			"rotation": [0, 109, 5],
			"translation": [2, 5.25, 0],
			"scale": [0.71, 0.71, 0.71]
		},
		"firstperson_lefthand": {
			"rotation": [0, 109, 5],
			"translation": [2, 5.25, 0],
			"scale": [0.71, 0.71, 0.71]
		},
		"ground": {
			"translation": [0, 3.5, 0],
			"scale": [0.65, 0.65, 0.65]
		},
		"gui": {
			"rotation": [25, 151, 0],
			"translation": [-0.75, 0.75, 0],
			"scale": [0.73, 0.73, 0.73]
		},
		"head": {
			"translation": [0, 14.4, 0]
		},
		"fixed": {
			"rotation": [-90, 0, 0],
			"translation": [0, 0, -13.5],
			"scale": [1.7, 1.7, 1.7]
		}
	},
	"groups": [
		{
			"name": "base",
			"origin": [8, 8, 8],
			"color": 0,
			"children": [
				0,
				1,
				2,
				{
					"name": "group",
					"origin": [8, 7.5, 8.25],
					"color": 0,
					"children": [
						3,
						4,
						{
							"name": "group",
							"origin": [8, 7.725, 8.25],
							"color": 0,
							"children": [5, 6, 7, 8, 9, 10]
						}
					]
				},
				{
					"name": "group",
					"origin": [5.16813, 3.74074, 9.25],
					"color": 0,
					"children": [11, 12]
				},
				{
					"name": "group",
					"origin": [8, 0.01, 6.25],
					"color": 0,
					"children": [13, 14, 15]
				}
			]
		}
	]
}