{
	"texture_size": [64, 64],
	"textures": {
		"0": "edoplushies:plushies/edoxmas/plushie_elf_yellow_texture"
	},
	"elements": [
		{
			"name": "torso",
			"from": [5.5, 0, 7.25],
			"to": [10.5, 8, 11.25],
			"rotation": {"angle": 0, "axis": "y", "origin": [8, 2.0045, 8.85355]},
			"faces": {
				"north": {"uv": [0, 4.5, 1.25, 6.5], "texture": "#0"},
				"east": {"uv": [3, 5, 4, 7], "texture": "#0"},
				"south": {"uv": [4, 4.5, 5.25, 6.5], "texture": "#0"},
				"west": {"uv": [5.75, 0, 6.75, 2], "texture": "#0"},
				"up": {"uv": [1.25, 7.5, 0, 6.5], "texture": "#0"},
				"down": {"uv": [5.25, 6.5, 4, 7.5], "texture": "#0"}
			}
		},
		{
			"name": "head",
			"from": [4.5, 5.6, 4.85],
			"to": [11.5, 11.6, 11.85],
			"rotation": {"angle": -22.5, "axis": "x", "origin": [8, 7.75, 8.25]},
			"faces": {
				"north": {"uv": [2.25, 3.5, 4, 5], "texture": "#0"},
				"east": {"uv": [4, 0, 5.75, 1.5], "texture": "#0"},
				"south": {"uv": [4, 1.5, 5.75, 3], "texture": "#0"},
				"west": {"uv": [4, 3, 5.75, 4.5], "texture": "#0"},
				"up": {"uv": [4, 1.75, 2.25, 0], "texture": "#0"},
				"down": {"uv": [4, 1.75, 2.25, 3.5], "texture": "#0"}
			}
		},
		{
			"name": "head",
			"from": [3.5, 10.6, 3.85],
			"to": [12.5, 12.6, 12.85],
			"rotation": {"angle": -22.5, "axis": "x", "origin": [8, 7.75, 8.25]},
			"faces": {
				"north": {"uv": [6.75, 1.5, 9, 2], "texture": "#0"},
				"east": {"uv": [7, 5.25, 9.25, 5.75], "texture": "#0"},
				"south": {"uv": [0, 7.5, 2.25, 8], "texture": "#0"},
				"west": {"uv": [7.5, 2, 9.75, 2.5], "texture": "#0"},
				"up": {"uv": [2.25, 2.25, 0, 0], "texture": "#0"},
				"down": {"uv": [2.25, 2.25, 0, 4.5], "texture": "#0"}
			}
		},
		{
			"name": "head",
			"from": [4.5, 10.19296, 3.10369],
			"to": [11.5, 15.19296, 6.10369],
			"rotation": {"angle": 0, "axis": "y", "origin": [8, 13.19296, 6.10369]},
			"faces": {
				"north": {"uv": [1.25, 5, 3, 6.25], "texture": "#0"},
				"east": {"uv": [5.75, 8, 6.5, 9.25], "texture": "#0"},
				"south": {"uv": [5.25, 4.5, 7, 5.75], "texture": "#0"},
				"west": {"uv": [2.25, 8.25, 3, 9.5], "texture": "#0"},
				"up": {"uv": [8.25, 6.5, 6.5, 5.75], "texture": "#0"},
				"down": {"uv": [8.25, 6.5, 6.5, 7.25], "texture": "#0"}
			}
		},
		{
			"name": "head",
			"from": [4.5, 12.19296, 6.10369],
			"to": [11.5, 15.19296, 10.10369],
			"rotation": {"angle": 0, "axis": "y", "origin": [8, 13.19296, 6.10369]},
			"faces": {
				"north": {"uv": [6.75, 0, 8.5, 0.75], "texture": "#0"},
				"east": {"uv": [8, 4.5, 9, 5.25], "texture": "#0"},
				"south": {"uv": [6.75, 0.75, 8.5, 1.5], "texture": "#0"},
				"west": {"uv": [8.25, 5.75, 9.25, 6.5], "texture": "#0"},
				"up": {"uv": [7.5, 3, 5.75, 2], "texture": "#0"},
				"down": {"uv": [7.5, 3, 5.75, 4], "texture": "#0"}
			}
		},
		{
			"name": "head",
			"from": [4.5, 11.19296, 6.10369],
			"to": [11.5, 12.19296, 7.10369],
			"rotation": {"angle": 0, "axis": "y", "origin": [8, 13.19296, 6.10369]},
			"faces": {
				"north": {"uv": [9, 1.75, 10.75, 2], "texture": "#0"},
				"east": {"uv": [2.5, 6.75, 2.75, 7], "texture": "#0"},
				"south": {"uv": [9, 5, 10.75, 5.25], "texture": "#0"},
				"west": {"uv": [2.75, 6.75, 3, 7], "texture": "#0"},
				"up": {"uv": [11, 0.25, 9.25, 0], "texture": "#0"},
				"down": {"uv": [11, 0.25, 9.25, 0.5], "texture": "#0"}
			}
		},
		{
			"name": "head",
			"from": [5.5, 12.19296, 5.92869],
			"to": [10.5, 17.19296, 9.92869],
			"rotation": {"angle": 45, "axis": "x", "origin": [8, 16.19296, 7.92869]},
			"faces": {
				"north": {"uv": [5.25, 5.75, 6.5, 7], "texture": "#0"},
				"east": {"uv": [2.5, 7, 3.5, 8.25], "texture": "#0"},
				"south": {"uv": [1.25, 6.25, 2.5, 7.5], "texture": "#0"},
				"west": {"uv": [7, 4, 8, 5.25], "texture": "#0"},
				"up": {"uv": [6.5, 8, 5.25, 7], "texture": "#0"},
				"down": {"uv": [7.75, 7.25, 6.5, 8.25], "texture": "#0"}
			}
		},
		{
			"name": "head",
			"from": [6.5, 15.48928, 7.22158],
			"to": [9.5, 18.31428, 11.22158],
			"rotation": {"angle": 0, "axis": "y", "origin": [8, 16.90178, 9.22158]},
			"faces": {
				"north": {"uv": [0, 8.5, 0.75, 9.25], "texture": "#0"},
				"east": {"uv": [6.5, 8.25, 7.5, 9], "texture": "#0"},
				"south": {"uv": [8.5, 0, 9.25, 0.75], "texture": "#0"},
				"west": {"uv": [8.25, 6.5, 9.25, 7.25], "texture": "#0"},
				"up": {"uv": [8.25, 9.25, 7.5, 8.25], "texture": "#0"},
				"down": {"uv": [9, 8.25, 8.25, 9.25], "texture": "#0"}
			}
		},
		{
			"name": "head",
			"from": [7, 14.48586, 9.6358],
			"to": [9, 16.48586, 13.6358],
			"rotation": {"angle": 45, "axis": "x", "origin": [8, 15.48586, 12.6358]},
			"faces": {
				"north": {"uv": [2.5, 6.25, 3, 6.75], "texture": "#0"},
				"east": {"uv": [1.25, 4.5, 2.25, 5], "texture": "#0"},
				"south": {"uv": [8.5, 0.75, 9, 1.25], "texture": "#0"},
				"west": {"uv": [5.75, 4, 6.75, 4.5], "texture": "#0"},
				"up": {"uv": [4, 8, 3.5, 7], "texture": "#0"},
				"down": {"uv": [3.5, 8.25, 3, 9.25], "texture": "#0"}
			}
		},
		{
			"name": "head",
			"from": [7, 6.6, 2.85],
			"to": [9, 8.6, 4.85],
			"rotation": {"angle": -22.5, "axis": "x", "origin": [8, 7.75, 8.25]},
			"faces": {
				"north": {"uv": [9.25, 5.25, 9.75, 5.75], "texture": "#0"},
				"east": {"uv": [5.5, 9.25, 6, 9.75], "texture": "#0"},
				"south": {"uv": [9.25, 5.75, 9.75, 6.25], "texture": "#0"},
				"west": {"uv": [6, 9.25, 6.5, 9.75], "texture": "#0"},
				"up": {"uv": [9.75, 6.75, 9.25, 6.25], "texture": "#0"},
				"down": {"uv": [9.75, 6.75, 9.25, 7.25], "texture": "#0"}
			}
		},
		{
			"name": "right_arm",
			"from": [9.83187, 1.74074, 8.25],
			"to": [11.83187, 5.74074, 10.25],
			"rotation": {"angle": 45, "axis": "z", "origin": [10.83187, 3.74074, 9.25]},
			"faces": {
				"north": {"uv": [0.75, 8.5, 1.25, 9.5], "texture": "#0"},
				"east": {"uv": [1.25, 8.5, 1.75, 9.5], "texture": "#0"},
				"south": {"uv": [1.75, 8.5, 2.25, 9.5], "texture": "#0"},
				"west": {"uv": [3.5, 8.5, 4, 9.5], "texture": "#0"},
				"up": {"uv": [8, 9.75, 7.5, 9.25], "texture": "#0"},
				"down": {"uv": [8.5, 9.25, 8, 9.75], "texture": "#0"}
			}
		},
		{
			"name": "left_arm",
			"from": [4.16813, 1.74074, 8.25],
			"to": [6.16813, 5.74074, 10.25],
			"rotation": {"angle": -45, "axis": "z", "origin": [5.16813, 3.74074, 9.25]},
			"faces": {
				"north": {"uv": [4, 8.5, 4.5, 9.5], "texture": "#0"},
				"east": {"uv": [4.5, 8.5, 5, 9.5], "texture": "#0"},
				"south": {"uv": [5, 8.5, 5.5, 9.5], "texture": "#0"},
				"west": {"uv": [9, 0.75, 9.5, 1.75], "texture": "#0"},
				"up": {"uv": [9, 9.75, 8.5, 9.25], "texture": "#0"},
				"down": {"uv": [9.5, 9.25, 9, 9.75], "texture": "#0"}
			}
		},
		{
			"name": "right_leg",
			"from": [9.075, 0.01, 4.25],
			"to": [11.075, 2.01, 8.25],
			"rotation": {"angle": -22.5, "axis": "y", "origin": [8, 0.01, 6.25]},
			"faces": {
				"north": {"uv": [0.5, 9.5, 1, 10], "texture": "#0"},
				"east": {"uv": [4, 7.5, 5, 8], "texture": "#0"},
				"south": {"uv": [9.5, 0.5, 10, 1], "texture": "#0"},
				"west": {"uv": [9, 4.5, 10, 5], "texture": "#0"},
				"up": {"uv": [7, 10, 6.5, 9], "texture": "#0"},
				"down": {"uv": [7.5, 9, 7, 10], "texture": "#0"}
			}
		},
		{
			"name": "left_leg",
			"from": [4.925, 0.01, 4.25],
			"to": [6.925, 2.01, 8.25],
			"rotation": {"angle": 22.5, "axis": "y", "origin": [8, 0.01, 6.25]},
			"faces": {
				"north": {"uv": [1, 9.5, 1.5, 10], "texture": "#0"},
				"east": {"uv": [9, 8.25, 10, 8.75], "texture": "#0"},
				"south": {"uv": [9.5, 1, 10, 1.5], "texture": "#0"},
				"west": {"uv": [9, 8.75, 10, 9.25], "texture": "#0"},
				"up": {"uv": [0.5, 10.25, 0, 9.25], "texture": "#0"},
				"down": {"uv": [3.5, 9.25, 3, 10.25], "texture": "#0"}
			}
		}
	],
	"display": {
		"thirdperson_righthand": {
			"rotation": [24, 13, 0],
			"translation": [0, 1.25, -0.5],
			"scale": [0.6, 0.6, 0.6]
		},
		"thirdperson_lefthand": {
			"rotation": [24, 13, 0],
			"translation": [0, 0.75, -0.5],
			"scale": [0.6, 0.6, 0.6]
		},
		"firstperson_righthand": {
			"rotation": [0, 109, 5],
			"translation": [3.25, 5.25, 0],
			"scale": [0.71, 0.71, 0.71]
		},
		"firstperson_lefthand": {
			"rotation": [0, 109, 5],
			"translation": [3.25, 5.25, 0],
			"scale": [0.71, 0.71, 0.71]
		},
		"ground": {
			"translation": [0, 3.5, 0],
			"scale": [0.65, 0.65, 0.65]
		},
		"gui": {
			"rotation": [25, 151, 0],
			"translation": [0.25, -0.5, 0],
			"scale": [0.65, 0.65, 0.65]
		},
		"head": {
			"translation": [0, 14.4, 0]
		},
		"fixed": {
			"rotation": [-90, 0, 0],
			"translation": [0, 0, -13.5],
			"scale": [1.7, 1.7, 1.7]
		}
	},
	"groups": [
		{
			"name": "nm_plushie_elf_yellow",
			"origin": [8, 8, 8],
			"color": 0,
			"children": [
				0,
				{
					"name": "group",
					"origin": [8, 7.5, 8.25],
					"color": 0,
					"children": [
						1,
						{
							"name": "group",
							"origin": [8, 13.4252, 13.37146],
							"color": 0,
							"children": [2, 3, 4, 5, 6, 7, 8]
						},
						9
					]
				},
				10,
				11,
				12,
				13
			]
		}
	]
}