{
	"texture_size": [64, 64],
	"textures": {
		"1": "edoplushies:plushies/edoxmas/plushie_gingerbread_woman_texture"
	},
	"elements": [
		{
			"name": "torso",
			"from": [5.5, 0, 7],
			"to": [10.5, 8, 10],
			"rotation": {"angle": 0, "axis": "y", "origin": [8, 2.0045, 8.60355]},
			"faces": {
				"north": {"uv": [4.5, 1.5, 5.75, 3.5], "texture": "#1"},
				"east": {"uv": [4, 7, 4.75, 9], "texture": "#1"},
				"south": {"uv": [0, 5, 1.25, 7], "texture": "#1"},
				"west": {"uv": [7, 5, 7.75, 7], "texture": "#1"},
				"up": {"uv": [8.75, 8, 7.5, 7.25], "texture": "#1"},
				"down": {"uv": [6.25, 8, 5, 8.75], "texture": "#1"}
			}
		},
		{
			"name": "torso",
			"from": [7.25, 1.75, 6.925],
			"to": [8.75, 3.25, 6.925],
			"rotation": {"angle": 0, "axis": "y", "origin": [8, 2.0045, 8.60355]},
			"faces": {
				"north": {"uv": [8, 6.5, 8.5, 7], "texture": "#1"},
				"east": {"uv": [9, 7.5, 9, 8], "texture": "#1"},
				"south": {"uv": [7.25, 8.25, 7.75, 8.75], "texture": "#1"},
				"west": {"uv": [7.75, 9, 7.75, 9.5], "texture": "#1"},
				"up": {"uv": [0.5, 7.25, 0, 7.25], "texture": "#1"},
				"down": {"uv": [1.25, 7.25, 0.75, 7.25], "texture": "#1"}
			}
		},
		{
			"name": "head",
			"from": [4.5, 5.35, 5.1],
			"to": [11.5, 12.35, 10.1],
			"rotation": {"angle": -22.5, "axis": "x", "origin": [8, 7.75, 8]},
			"faces": {
				"north": {"uv": [2.5, 0, 4.25, 1.75], "texture": "#1"},
				"east": {"uv": [5, 3.75, 6.25, 5.5], "texture": "#1"},
				"south": {"uv": [2.5, 2, 4.25, 3.75], "texture": "#1"},
				"west": {"uv": [1.5, 5.5, 2.75, 7.25], "texture": "#1"},
				"up": {"uv": [4.75, 6.75, 3, 5.5], "texture": "#1"},
				"down": {"uv": [6.75, 5.75, 5, 7], "texture": "#1"}
			}
		},
		{
			"name": "head",
			"from": [3.5, 4.35, 8.1],
			"to": [12.5, 13.35, 11.1],
			"rotation": {"angle": -22.5, "axis": "x", "origin": [8, 7.75, 8]},
			"faces": {
				"north": {"uv": [0, 0, 2.25, 2.25], "texture": "#1"},
				"east": {"uv": [6.5, 1.5, 7.25, 3.75], "texture": "#1"},
				"south": {"uv": [0, 2.5, 2.25, 4.75], "texture": "#1"},
				"west": {"uv": [3, 7, 3.75, 9.25], "texture": "#1"},
				"up": {"uv": [8.75, 4.75, 6.5, 4], "texture": "#1"},
				"down": {"uv": [9.25, 0, 7, 0.75], "texture": "#1"}
			}
		},
		{
			"name": "head",
			"from": [3.5, 8.35, 6.1],
			"to": [12.5, 13.35, 8.1],
			"rotation": {"angle": -22.5, "axis": "x", "origin": [8, 7.75, 8]},
			"faces": {
				"north": {"uv": [2.5, 4, 4.75, 5.25], "texture": "#1"},
				"east": {"uv": [8, 5, 8.5, 6.25], "texture": "#1"},
				"south": {"uv": [4.5, 0, 6.75, 1.25], "texture": "#1"},
				"west": {"uv": [6.5, 8, 7, 9.25], "texture": "#1"},
				"up": {"uv": [7.25, 7.75, 5, 7.25], "texture": "#1"},
				"down": {"uv": [2.25, 7.5, 0, 8], "texture": "#1"}
			}
		},
		{
			"name": "head",
			"from": [3.5, 11.35, 5.1],
			"to": [4.5, 12.35, 6.1],
			"rotation": {"angle": -22.5, "axis": "x", "origin": [7, 7.75, 8]},
			"faces": {
				"north": {"uv": [6, 2.75, 6.25, 3], "texture": "#1"},
				"east": {"uv": [6, 3.25, 6.25, 3.5], "texture": "#1"},
				"south": {"uv": [6.5, 5, 6.75, 5.25], "texture": "#1"},
				"west": {"uv": [7, 1, 7.25, 1.25], "texture": "#1"},
				"up": {"uv": [2.75, 7.75, 2.5, 7.5], "texture": "#1"},
				"down": {"uv": [9.25, 4, 9, 4.25], "texture": "#1"}
			}
		},
		{
			"name": "head",
			"from": [11.5, 11.35, 5.1],
			"to": [12.5, 12.35, 6.1],
			"rotation": {"angle": -22.5, "axis": "x", "origin": [9, 7.75, 8]},
			"faces": {
				"north": {"uv": [9, 4.5, 9.25, 4.75], "texture": "#1"},
				"east": {"uv": [5, 9, 5.25, 9.25], "texture": "#1"},
				"south": {"uv": [5.5, 9, 5.75, 9.25], "texture": "#1"},
				"west": {"uv": [6, 9, 6.25, 9.25], "texture": "#1"},
				"up": {"uv": [9.25, 7.25, 9, 7], "texture": "#1"},
				"down": {"uv": [7.5, 9, 7.25, 9.25], "texture": "#1"}
			}
		},
		{
			"name": "right_arm",
			"from": [9.83187, 1.74074, 8],
			"to": [11.83187, 5.74074, 9],
			"rotation": {"angle": 45, "axis": "z", "origin": [10.83187, 3.74074, 9]},
			"faces": {
				"north": {"uv": [0, 8.25, 0.5, 9.25], "texture": "#1"},
				"east": {"uv": [6, 1.5, 6.25, 2.5], "texture": "#1"},
				"south": {"uv": [0.75, 8.25, 1.25, 9.25], "texture": "#1"},
				"west": {"uv": [8.75, 1.75, 9, 2.75], "texture": "#1"},
				"up": {"uv": [2, 5.25, 1.5, 5], "texture": "#1"},
				"down": {"uv": [9.25, 6.5, 8.75, 6.75], "texture": "#1"}
			}
		},
		{
			"name": "right_leg",
			"from": [8.825, 0.01, 3.75],
			"to": [10.825, 1.01, 7.75],
			"rotation": {"angle": -22.5, "axis": "y", "origin": [8, 0.01, 6]},
			"faces": {
				"north": {"uv": [8.75, 8.25, 9.25, 8.5], "texture": "#1"},
				"east": {"uv": [7.5, 3.5, 8.5, 3.75], "texture": "#1"},
				"south": {"uv": [8.75, 8.75, 9.25, 9], "texture": "#1"},
				"west": {"uv": [8.75, 3, 9.75, 3.25], "texture": "#1"},
				"up": {"uv": [2, 9.25, 1.5, 8.25], "texture": "#1"},
				"down": {"uv": [2.75, 8.25, 2.25, 9.25], "texture": "#1"}
			}
		},
		{
			"name": "left_leg",
			"from": [5.175, 0.01, 3.75],
			"to": [7.175, 1.01, 7.75],
			"rotation": {"angle": 22.5, "axis": "y", "origin": [8, 0.01, 6]},
			"faces": {
				"north": {"uv": [9.25, 8.25, 8.75, 8.5], "texture": "#1"},
				"east": {"uv": [9.75, 3, 8.75, 3.25], "texture": "#1"},
				"south": {"uv": [9.25, 8.75, 8.75, 9], "texture": "#1"},
				"west": {"uv": [8.5, 3.5, 7.5, 3.75], "texture": "#1"},
				"up": {"uv": [1.5, 9.25, 2, 8.25], "texture": "#1"},
				"down": {"uv": [2.25, 8.25, 2.75, 9.25], "texture": "#1"}
			}
		},
		{
			"name": "left_arm",
			"from": [4.16813, 1.74074, 8],
			"to": [6.16813, 5.74074, 9],
			"rotation": {"angle": -45, "axis": "z", "origin": [5.16813, 3.74074, 9]},
			"faces": {
				"north": {"uv": [0.5, 8.25, 0, 9.25], "texture": "#1"},
				"east": {"uv": [9, 1.75, 8.75, 2.75], "texture": "#1"},
				"south": {"uv": [1.25, 8.25, 0.75, 9.25], "texture": "#1"},
				"west": {"uv": [6.25, 1.5, 6, 2.5], "texture": "#1"},
				"up": {"uv": [1.5, 5.25, 2, 5], "texture": "#1"},
				"down": {"uv": [8.75, 6.5, 9.25, 6.75], "texture": "#1"}
			}
		},
		{
			"name": "left_leg",
			"from": [6.25, 0.035, 5.13863],
			"to": [9.75, 0.985, 9.13863],
			"rotation": {"angle": 0, "axis": "y", "origin": [7, 1.035, 6.81363]},
			"faces": {
				"north": {"uv": [8.75, 3.5, 9.75, 3.75], "texture": "#1"},
				"east": {"uv": [8.75, 5, 9.75, 5.25], "texture": "#1"},
				"south": {"uv": [8.75, 5.5, 9.75, 5.75], "texture": "#1"},
				"west": {"uv": [8.75, 6, 9.75, 6.25], "texture": "#1"},
				"up": {"uv": [8.5, 2, 7.5, 1], "texture": "#1"},
				"down": {"uv": [8.5, 2.25, 7.5, 3.25], "texture": "#1"}
			}
		}
	],
	"display": {
		"thirdperson_righthand": {
			"rotation": [24, 13, 0],
			"translation": [0, 1.25, 0.75],
			"scale": [0.6, 0.6, 0.6]
		},
		"thirdperson_lefthand": {
			"rotation": [24, 13, 0],
			"translation": [0, 1.25, 0.75],
			"scale": [0.6, 0.6, 0.6]
		},
		"firstperson_righthand": {
			"rotation": [0, 109, 5],
			"translation": [3.25, 5.25, 0],
			"scale": [0.71, 0.71, 0.71]
		},
		"firstperson_lefthand": {
			"rotation": [0, 109, 5],
			"translation": [3.25, 5.25, 0],
			"scale": [0.71, 0.71, 0.71]
		},
		"ground": {
			"translation": [0, 3.5, 0],
			"scale": [0.65, 0.65, 0.65]
		},
		"gui": {
			"rotation": [25, 151, 0],
			"translation": [0.25, 0.75, 0],
			"scale": [0.71, 0.71, 0.71]
		},
		"head": {
			"translation": [0, 14.4, 0]
		},
		"fixed": {
			"rotation": [-90, 0, 0],
			"translation": [0, 0, -13.5],
			"scale": [1.7, 1.7, 1.7]
		}
	},
	"groups": [
		{
			"name": "base",
			"origin": [8, 8, 8],
			"color": 0,
			"children": [
				0,
				1,
				{
					"name": "group",
					"origin": [8, 7.5, 8.25],
					"color": 0,
					"children": [2, 3, 4, 5, 6]
				},
				{
					"name": "group",
					"origin": [8, 0.01, 6],
					"color": 0,
					"children": [7, 8, 9, 10, 11]
				}
			]
		}
	]
}