{
	"credit": "Made by Nog's Menagerie",
	"texture_size": [64, 64],
	"textures": {
		"0": "edoplushies:plushies/edoxmas/plushie_cozy_polar_bear_texture"
	},
	"elements": [
		{
			"name": "torso",
			"from": [5.5, 0, 7.25],
			"to": [10.5, 7, 11.25],
			"rotation": {"angle": 0, "axis": "y", "origin": [8, 2.0045, 8.85355]},
			"faces": {
				"north": {"uv": [2, 4, 3.25, 5.75], "texture": "#0"},
				"east": {"uv": [3.5, 4, 4.5, 5.75], "texture": "#0"},
				"south": {"uv": [4, 2, 5.25, 3.75], "texture": "#0"},
				"west": {"uv": [4.75, 4, 5.75, 5.75], "texture": "#0"},
				"up": {"uv": [6.75, 3, 5.5, 2], "texture": "#0"},
				"down": {"uv": [1.25, 6, 0, 7], "texture": "#0"}
			}
		},
		{
			"name": "torso",
			"from": [7, 0, 11.25],
			"to": [9, 2, 13.25],
			"rotation": {"angle": 0, "axis": "y", "origin": [8, 2.0045, 8.85355]},
			"faces": {
				"north": {"uv": [7, 3, 7.5, 3.5], "texture": "#0"},
				"east": {"uv": [3.5, 7, 4, 7.5], "texture": "#0"},
				"south": {"uv": [4.25, 7, 4.75, 7.5], "texture": "#0"},
				"west": {"uv": [0, 7.25, 0.5, 7.75], "texture": "#0"},
				"up": {"uv": [1.25, 7.75, 0.75, 7.25], "texture": "#0"},
				"down": {"uv": [5.5, 7.25, 5, 7.75], "texture": "#0"}
			}
		},
		{
			"name": "head",
			"from": [4.5, 5.6, 4.85],
			"to": [11.5, 12.6, 11.85],
			"rotation": {"angle": -22.5, "axis": "x", "origin": [8, 7.75, 8.25]},
			"faces": {
				"north": {"uv": [0, 0, 1.75, 1.75], "texture": "#0"},
				"east": {"uv": [0, 2, 1.75, 3.75], "texture": "#0"},
				"south": {"uv": [2, 0, 3.75, 1.75], "texture": "#0"},
				"west": {"uv": [2, 2, 3.75, 3.75], "texture": "#0"},
				"up": {"uv": [1.75, 5.75, 0, 4], "texture": "#0"},
				"down": {"uv": [5.75, 0, 4, 1.75], "texture": "#0"}
			}
		},
		{
			"name": "head",
			"from": [5.5, 3.73627, 3.28039],
			"to": [10.5, 6.73627, 5.28039],
			"rotation": {"angle": -22.5, "axis": "x", "origin": [8, 5.73627, 3.78039]},
			"faces": {
				"north": {"uv": [6, 0, 7.25, 0.75], "texture": "#0"},
				"east": {"uv": [7, 2, 7.5, 2.75], "texture": "#0"},
				"south": {"uv": [6, 1, 7.25, 1.75], "texture": "#0"},
				"west": {"uv": [2.75, 7, 3.25, 7.75], "texture": "#0"},
				"up": {"uv": [6.75, 3.75, 5.5, 3.25], "texture": "#0"},
				"down": {"uv": [2.75, 6, 1.5, 6.5], "texture": "#0"}
			}
		},
		{
			"name": "head",
			"from": [10.5, 10.6, 6.85],
			"to": [13.5, 13.6, 7.85],
			"rotation": {"angle": -22.5, "axis": "x", "origin": [8, 7.75, 8.25]},
			"faces": {
				"north": {"uv": [3, 6, 3.75, 6.75], "texture": "#0"},
				"east": {"uv": [1.5, 7.5, 1.75, 8.25], "texture": "#0"},
				"south": {"uv": [4, 6, 4.75, 6.75], "texture": "#0"},
				"west": {"uv": [2, 7.5, 2.25, 8.25], "texture": "#0"},
				"up": {"uv": [8.25, 1.75, 7.5, 1.5], "texture": "#0"},
				"down": {"uv": [8.25, 3.75, 7.5, 4], "texture": "#0"}
			}
		},
		{
			"name": "head",
			"from": [2.5, 10.6, 6.85],
			"to": [5.5, 13.6, 7.85],
			"rotation": {"angle": -22.5, "axis": "x", "origin": [8, 7.75, 8.25]},
			"faces": {
				"north": {"uv": [3.75, 6, 3, 6.75], "texture": "#0"},
				"east": {"uv": [2.25, 7.5, 2, 8.25], "texture": "#0"},
				"south": {"uv": [4.75, 6, 4, 6.75], "texture": "#0"},
				"west": {"uv": [1.75, 7.5, 1.5, 8.25], "texture": "#0"},
				"up": {"uv": [7.5, 1.75, 8.25, 1.5], "texture": "#0"},
				"down": {"uv": [7.5, 3.75, 8.25, 4], "texture": "#0"}
			}
		},
		{
			"name": "right_arm",
			"from": [9.83187, 1.74074, 8.25],
			"to": [11.83187, 5.74074, 10.25],
			"rotation": {"angle": 45, "axis": "z", "origin": [10.83187, 3.74074, 9.25]},
			"faces": {
				"north": {"uv": [6, 4, 6.5, 5], "texture": "#0"},
				"east": {"uv": [5, 6, 5.5, 7], "texture": "#0"},
				"south": {"uv": [6, 5.25, 6.5, 6.25], "texture": "#0"},
				"west": {"uv": [5.75, 6.5, 6.25, 7.5], "texture": "#0"},
				"up": {"uv": [7, 7.75, 6.5, 7.25], "texture": "#0"},
				"down": {"uv": [7.75, 7.25, 7.25, 7.75], "texture": "#0"}
			}
		},
		{
			"name": "left_arm",
			"from": [4.16813, 1.74074, 8.25],
			"to": [6.16813, 5.74074, 10.25],
			"rotation": {"angle": -45, "axis": "z", "origin": [5.16813, 3.74074, 9.25]},
			"faces": {
				"north": {"uv": [6.5, 4, 6, 5], "texture": "#0"},
				"east": {"uv": [6.25, 6.5, 5.75, 7.5], "texture": "#0"},
				"south": {"uv": [6.5, 5.25, 6, 6.25], "texture": "#0"},
				"west": {"uv": [5.5, 6, 5, 7], "texture": "#0"},
				"up": {"uv": [6.5, 7.75, 7, 7.25], "texture": "#0"},
				"down": {"uv": [7.25, 7.25, 7.75, 7.75], "texture": "#0"}
			}
		},
		{
			"name": "right_leg",
			"from": [8.825, 0.01, 4],
			"to": [10.825, 2.01, 8],
			"rotation": {"angle": -22.5, "axis": "y", "origin": [7.75, 0.01, 6.25]},
			"faces": {
				"north": {"uv": [7.5, 0, 8, 0.5], "texture": "#0"},
				"east": {"uv": [6.5, 6.5, 7.5, 7], "texture": "#0"},
				"south": {"uv": [7.5, 0.75, 8, 1.25], "texture": "#0"},
				"west": {"uv": [1.5, 6.75, 2.5, 7.25], "texture": "#0"},
				"up": {"uv": [7.25, 5, 6.75, 4], "texture": "#0"},
				"down": {"uv": [7.25, 5.25, 6.75, 6.25], "texture": "#0"}
			}
		},
		{
			"name": "left_leg",
			"from": [5.175, 0.01, 4],
			"to": [7.175, 2.01, 8],
			"rotation": {"angle": 22.5, "axis": "y", "origin": [8.25, 0.01, 6.25]},
			"faces": {
				"north": {"uv": [8, 0, 7.5, 0.5], "texture": "#0"},
				"east": {"uv": [2.5, 6.75, 1.5, 7.25], "texture": "#0"},
				"south": {"uv": [8, 0.75, 7.5, 1.25], "texture": "#0"},
				"west": {"uv": [7.5, 6.5, 6.5, 7], "texture": "#0"},
				"up": {"uv": [6.75, 5, 7.25, 4], "texture": "#0"},
				"down": {"uv": [6.75, 5.25, 7.25, 6.25], "texture": "#0"}
			}
		}
	],
	"display": {
		"thirdperson_righthand": {
			"rotation": [24, 13, 0],
			"translation": [0, 1.25, -0.5],
			"scale": [0.6, 0.6, 0.6]
		},
		"thirdperson_lefthand": {
			"rotation": [24, 13, 0],
			"translation": [0, 0.75, -0.5],
			"scale": [0.6, 0.6, 0.6]
		},
		"firstperson_righthand": {
			"rotation": [0, 109, 5],
			"translation": [2, 5.25, 0],
			"scale": [0.71, 0.71, 0.71]
		},
		"firstperson_lefthand": {
			"rotation": [0, 109, 5],
			"translation": [2, 5.25, 0],
			"scale": [0.71, 0.71, 0.71]
		},
		"ground": {
			"translation": [0, 3.5, 0],
			"scale": [0.65, 0.65, 0.65]
		},
		"gui": {
			"rotation": [25, 151, 0],
			"translation": [0.5, 0.5, 0],
			"scale": [0.79, 0.79, 0.79]
		},
		"head": {
			"translation": [0, 14.4, 0]
		},
		"fixed": {
			"rotation": [-90, 0, 0],
			"translation": [0, 0, -13.5],
			"scale": [1.7, 1.7, 1.7]
		}
	},
	"groups": [
		{
			"name": "base",
			"origin": [8, 8, 8],
			"color": 0,
			"nbt": "{}",
			"children": [
				0,
				1,
				{
					"name": "group",
					"origin": [8, 7.5, 8.25],
					"color": 0,
					"nbt": "{}",
					"children": [2, 3, 4, 5]
				},
				{
					"name": "group",
					"origin": [8, 0.01, 6.25],
					"color": 0,
					"nbt": "{}",
					"children": [6, 7]
				},
				{
					"name": "group",
					"origin": [2.69325, 1.97297, 9.25],
					"color": 0,
					"nbt": "{}",
					"children": [8, 9]
				}
			]
		}
	]
}