{
	"texture_size": [64, 64],
	"textures": {
		"1": "edoplushies:plushies/edoxmas/plushie_scringe_texture"
	},
	"elements": [
		{
			"name": "torso",
			"from": [5.5, 0, 7.25],
			"to": [10.5, 8, 11.25],
			"rotation": {"angle": 0, "axis": "y", "origin": [8, 2.0045, 8.85355]},
			"faces": {
				"north": {"uv": [2, 3, 3.25, 5], "texture": "#1"},
				"east": {"uv": [0, 4, 1, 6], "texture": "#1"},
				"south": {"uv": [3.5, 3, 4.75, 5], "texture": "#1"},
				"west": {"uv": [5, 5, 6, 7], "texture": "#1"},
				"up": {"uv": [4.5, 6.25, 3.25, 5.25], "texture": "#1"},
				"down": {"uv": [8.25, 1, 7, 2], "texture": "#1"}
			}
		},
		{
			"name": "head",
			"from": [4.5, 9.575, 4.85],
			"to": [11.5, 12.575, 11.85],
			"rotation": {"angle": -22.5, "axis": "x", "origin": [8, 7.725, 8.25]},
			"faces": {
				"north": {"uv": [6.25, 6.25, 8, 7], "texture": "#1"},
				"east": {"uv": [0, 6.5, 1.75, 7.25], "texture": "#1"},
				"south": {"uv": [2, 6.5, 3.75, 7.25], "texture": "#1"},
				"west": {"uv": [7, 0, 8.75, 0.75], "texture": "#1"},
				"up": {"uv": [1.75, 1.75, 0, 0], "texture": "#1"},
				"down": {"uv": [1.75, 2, 0, 3.75], "texture": "#1"}
			}
		},
		{
			"name": "head",
			"from": [11.5, 9.575, 4.85],
			"to": [12.5, 12.575, 4.85],
			"rotation": {"angle": -22.5, "axis": "x", "origin": [8, 7.725, 8.25]},
			"faces": {
				"north": {"uv": [9, 0, 9.25, 0.75], "texture": "#1"},
				"east": {"uv": [4.75, 5.25, 4.75, 6], "texture": "#1"},
				"south": {"uv": [9, 3.75, 9.25, 4.5], "texture": "#1"},
				"west": {"uv": [4.75, 5.25, 4.75, 6], "texture": "#1"},
				"up": {"uv": [4.75, 2.5, 4.5, 2.5], "texture": "#1"},
				"down": {"uv": [4.75, 2.5, 4.5, 2.5], "texture": "#1"}
			}
		},
		{
			"name": "head",
			"from": [3.5, 5.575, 4.85],
			"to": [12.5, 9.575, 9.85],
			"rotation": {"angle": -22.5, "axis": "x", "origin": [8, 7.725, 8.25]},
			"faces": {
				"north": {"uv": [4.5, 0, 6.75, 1], "texture": "#1"},
				"east": {"uv": [4, 7.25, 5.25, 8.25], "texture": "#1"},
				"south": {"uv": [4.5, 1.25, 6.75, 2.25], "texture": "#1"},
				"west": {"uv": [5.5, 7.25, 6.75, 8.25], "texture": "#1"},
				"up": {"uv": [4.25, 1.25, 2, 0], "texture": "#1"},
				"down": {"uv": [4.25, 1.5, 2, 2.75], "texture": "#1"}
			}
		},
		{
			"name": "head",
			"from": [12.5, 4.575, 6.85],
			"to": [13.5, 9.575, 6.85],
			"rotation": {"angle": -22.5, "axis": "x", "origin": [8, 7.725, 8.25]},
			"faces": {
				"north": {"uv": [4.5, 8.5, 4.75, 9.75], "texture": "#1"},
				"east": {"uv": [1.25, 8.75, 1.25, 10], "texture": "#1"},
				"south": {"uv": [5, 8.5, 5.25, 9.75], "texture": "#1"},
				"west": {"uv": [1.25, 8.75, 1.25, 10], "texture": "#1"},
				"up": {"uv": [4.75, 2.5, 4.5, 2.5], "texture": "#1"},
				"down": {"uv": [4.75, 2.5, 4.5, 2.5], "texture": "#1"}
			}
		},
		{
			"name": "head",
			"from": [3.5, 9.575, 4.85],
			"to": [4.5, 12.575, 4.85],
			"rotation": {"angle": -22.5, "axis": "x", "origin": [8, 7.725, 8.25]},
			"faces": {
				"north": {"uv": [9, 3.75, 9.25, 4.5], "texture": "#1"},
				"east": {"uv": [4.75, 5.25, 4.75, 6], "texture": "#1"},
				"south": {"uv": [9, 0, 9.25, 0.75], "texture": "#1"},
				"west": {"uv": [4.75, 5.25, 4.75, 6], "texture": "#1"},
				"up": {"uv": [4.75, 2.75, 4.5, 2.75], "texture": "#1"},
				"down": {"uv": [4.75, 2.75, 4.5, 2.75], "texture": "#1"}
			}
		},
		{
			"name": "head",
			"from": [2.5, 4.575, 6.85],
			"to": [3.5, 9.575, 6.85],
			"rotation": {"angle": -22.5, "axis": "x", "origin": [8, 7.725, 8.25]},
			"faces": {
				"north": {"uv": [5, 8.5, 5.25, 9.75], "texture": "#1"},
				"east": {"uv": [1.25, 8.75, 1.25, 10], "texture": "#1"},
				"south": {"uv": [4.5, 8.5, 4.75, 9.75], "texture": "#1"},
				"west": {"uv": [1.25, 8.75, 1.25, 10], "texture": "#1"},
				"up": {"uv": [4.75, 2.75, 4.5, 2.75], "texture": "#1"},
				"down": {"uv": [4.75, 2.75, 4.5, 2.75], "texture": "#1"}
			}
		},
		{
			"name": "head",
			"from": [4.5, 5.575, 9.85],
			"to": [11.5, 9.575, 11.85],
			"rotation": {"angle": -22.5, "axis": "x", "origin": [8, 7.725, 8.25]},
			"faces": {
				"north": {"uv": [1.25, 5.25, 3, 6.25], "texture": "#1"},
				"east": {"uv": [2.25, 8.25, 2.75, 9.25], "texture": "#1"},
				"south": {"uv": [6.25, 5, 8, 6], "texture": "#1"},
				"west": {"uv": [3, 8.25, 3.5, 9.25], "texture": "#1"},
				"up": {"uv": [3.25, 8, 1.5, 7.5], "texture": "#1"},
				"down": {"uv": [9.25, 2.25, 7.5, 2.75], "texture": "#1"}
			}
		},
		{
			"name": "head",
			"from": [3.5, 12.575, 7.85],
			"to": [12.5, 16.575, 7.85],
			"rotation": {"angle": -22.5, "axis": "x", "origin": [8, 7.725, 8.25]},
			"faces": {
				"north": {"uv": [5, 2.5, 7.25, 3.5], "texture": "#1"},
				"east": {"uv": [9, 4.75, 9, 5.75], "texture": "#1"},
				"south": {"uv": [7.25, 2.5, 5, 3.5], "texture": "#1"},
				"west": {"uv": [9, 4.75, 9, 5.75], "texture": "#1"},
				"up": {"uv": [7.75, 9, 5.5, 9], "texture": "#1"},
				"down": {"uv": [7.75, 9, 5.5, 9], "texture": "#1"}
			}
		},
		{
			"name": "head",
			"from": [5.5, 5.21732, 3.8018],
			"to": [10.5, 9.21732, 4.8018],
			"rotation": {"angle": -22.5, "axis": "x", "origin": [10, 7.66732, 7.3268]},
			"faces": {
				"north": {"uv": [7, 7.25, 8.25, 8.25], "texture": "#1"},
				"east": {"uv": [8.5, 7.75, 8.75, 8.75], "texture": "#1"},
				"south": {"uv": [0, 7.5, 1.25, 8.5], "texture": "#1"},
				"west": {"uv": [0, 8.75, 0.25, 9.75], "texture": "#1"},
				"up": {"uv": [6.75, 8.75, 5.5, 8.5], "texture": "#1"},
				"down": {"uv": [8.25, 8.5, 7, 8.75], "texture": "#1"}
			}
		},
		{
			"name": "right_arm",
			"from": [10.71576, 2.30686, 8.25],
			"to": [12.71576, 6.30686, 10.25],
			"rotation": {"angle": 45, "axis": "z", "origin": [11.71576, 3.05686, 6]},
			"faces": {
				"north": {"uv": [8.25, 4.5, 8.75, 5.5], "texture": "#1"},
				"east": {"uv": [8.25, 5.75, 8.75, 6.75], "texture": "#1"},
				"south": {"uv": [8.5, 1, 9, 2], "texture": "#1"},
				"west": {"uv": [3.75, 8.5, 4.25, 9.5], "texture": "#1"},
				"up": {"uv": [1, 9.25, 0.5, 8.75], "texture": "#1"},
				"down": {"uv": [9.25, 3, 8.75, 3.5], "texture": "#1"}
			}
		},
		{
			"name": "left_arm",
			"from": [3.28424, 2.30686, 8.25],
			"to": [5.28424, 6.30686, 10.25],
			"rotation": {"angle": -45, "axis": "z", "origin": [4.28424, 3.05686, 6]},
			"faces": {
				"north": {"uv": [8.75, 4.5, 8.25, 5.5], "texture": "#1"},
				"east": {"uv": [4.25, 8.5, 3.75, 9.5], "texture": "#1"},
				"south": {"uv": [9, 1, 8.5, 2], "texture": "#1"},
				"west": {"uv": [8.75, 5.75, 8.25, 6.75], "texture": "#1"},
				"up": {"uv": [0.5, 9.25, 1, 8.75], "texture": "#1"},
				"down": {"uv": [8.75, 3, 9.25, 3.5], "texture": "#1"}
			}
		},
		{
			"name": "right_leg",
			"from": [9, 0.01, 4.25],
			"to": [11, 2.01, 8.25],
			"rotation": {"angle": -22.5, "axis": "y", "origin": [8, 0.01, 6.25]},
			"faces": {
				"north": {"uv": [4, 6.5, 4.5, 7], "texture": "#1"},
				"east": {"uv": [7.5, 3, 8.5, 3.5], "texture": "#1"},
				"south": {"uv": [8.5, 7, 9, 7.5], "texture": "#1"},
				"west": {"uv": [7.5, 3.75, 8.5, 4.25], "texture": "#1"},
				"up": {"uv": [1.75, 5, 1.25, 4], "texture": "#1"},
				"down": {"uv": [2, 8.25, 1.5, 9.25], "texture": "#1"}
			}
		},
		{
			"name": "right_leg",
			"from": [9, 2.01, 4.25],
			"to": [11, 3.01, 5.25],
			"rotation": {"angle": -22.5, "axis": "y", "origin": [8, 0.01, 6.25]},
			"faces": {
				"north": {"uv": [0, 1.75, 0.5, 2], "texture": "#1"},
				"east": {"uv": [1.75, 0, 2, 0.25], "texture": "#1"},
				"south": {"uv": [0.5, 1.75, 1, 2], "texture": "#1"},
				"west": {"uv": [1.75, 0.25, 2, 0.5], "texture": "#1"},
				"up": {"uv": [1.5, 2, 1, 1.75], "texture": "#1"},
				"down": {"uv": [2.25, 1.25, 1.75, 1.5], "texture": "#1"}
			}
		},
		{
			"name": "left_leg",
			"from": [5, 2.01, 4.25],
			"to": [7, 3.01, 5.25],
			"rotation": {"angle": 22.5, "axis": "y", "origin": [8, 0.01, 6.25]},
			"faces": {
				"north": {"uv": [0.5, 1.75, 0, 2], "texture": "#1"},
				"east": {"uv": [2, 0.25, 1.75, 0.5], "texture": "#1"},
				"south": {"uv": [1, 1.75, 0.5, 2], "texture": "#1"},
				"west": {"uv": [2, 0, 1.75, 0.25], "texture": "#1"},
				"up": {"uv": [1, 2, 1.5, 1.75], "texture": "#1"},
				"down": {"uv": [1.75, 1.25, 2.25, 1.5], "texture": "#1"}
			}
		},
		{
			"name": "left_leg",
			"from": [5, 0.01, 4.25],
			"to": [7, 2.01, 8.25],
			"rotation": {"angle": 22.5, "axis": "y", "origin": [8, 0.01, 6.25]},
			"faces": {
				"north": {"uv": [4.5, 6.5, 4, 7], "texture": "#1"},
				"east": {"uv": [8.5, 3.75, 7.5, 4.25], "texture": "#1"},
				"south": {"uv": [9, 7, 8.5, 7.5], "texture": "#1"},
				"west": {"uv": [8.5, 3, 7.5, 3.5], "texture": "#1"},
				"up": {"uv": [1.25, 5, 1.75, 4], "texture": "#1"},
				"down": {"uv": [1.5, 8.25, 2, 9.25], "texture": "#1"}
			}
		},
		{
			"name": "right_leg",
			"from": [9, 0.01, 4.25],
			"to": [11, 2.01, 8.25],
			"rotation": {"angle": -22.5, "axis": "y", "origin": [8, 0.01, 6.25]},
			"faces": {
				"north": {"uv": [4, 6.5, 4.5, 7], "texture": "#1"},
				"east": {"uv": [7.5, 3, 8.5, 3.5], "texture": "#1"},
				"south": {"uv": [8.5, 7, 9, 7.5], "texture": "#1"},
				"west": {"uv": [7.5, 3.75, 8.5, 4.25], "texture": "#1"},
				"up": {"uv": [1.75, 5, 1.25, 4], "texture": "#1"},
				"down": {"uv": [2, 8.25, 1.5, 9.25], "texture": "#1"}
			}
		}
	],
	"display": {
		"thirdperson_righthand": {
			"rotation": [24, 13, 0],
			"translation": [0, 1.25, -0.5],
			"scale": [0.6, 0.6, 0.6]
		},
		"thirdperson_lefthand": {
			"rotation": [24, 13, 0],
			"translation": [0, 0.75, -0.5],
			"scale": [0.6, 0.6, 0.6]
		},
		"firstperson_righthand": {
			"rotation": [0, 109, 5],
			"translation": [2, 5.25, 0],
			"scale": [0.71, 0.71, 0.71]
		},
		"firstperson_lefthand": {
			"rotation": [0, 109, 5],
			"translation": [2, 5.25, 0],
			"scale": [0.71, 0.71, 0.71]
		},
		"ground": {
			"translation": [0, 3.5, 0],
			"scale": [0.65, 0.65, 0.65]
		},
		"gui": {
			"rotation": [25, 151, 0],
			"translation": [0.25, 0.75, 0],
			"scale": [0.73, 0.73, 0.73]
		},
		"head": {
			"translation": [0, 14.4, 0]
		},
		"fixed": {
			"rotation": [-90, 0, 0],
			"translation": [0, 0, -13.5],
			"scale": [1.7, 1.7, 1.7]
		}
	},
	"groups": [
		{
			"name": "base",
			"origin": [8, 8, 8],
			"color": 0,
			"children": [
				0,
				{
					"name": "group",
					"origin": [8, 7.5, 8.25],
					"color": 0,
					"children": [1, 2, 3, 4, 5, 6, 7, 8, 9]
				},
				{
					"name": "group",
					"origin": [5.16813, 3.74074, 9.25],
					"color": 0,
					"children": [10, 11]
				},
				{
					"name": "group",
					"origin": [8, 0.01, 6.25],
					"color": 0,
					"children": [12, 13, 14, 15, 16]
				}
			]
		}
	]
}