{
	"texture_size": [32, 32],
	"textures": {
		"0": "edoplushies:plushies/edoxmas/plushie_rudolph_texture"
	},
	"elements": [
		{
			"name": "head",
			"from": [6.5, 2.11453, 2.89082],
			"to": [9.5, 6.11453, 5.89082],
			"rotation": {"angle": -22.5, "axis": "x", "origin": [8, 5.86453, 3.89082]},
			"faces": {
				"north": {"uv": [0, 9.5, 1.5, 11.5], "texture": "#0"},
				"east": {"uv": [1.5, 9.5, 3, 11.5], "texture": "#0"},
				"south": {"uv": [3, 9.5, 4.5, 11.5], "texture": "#0"},
				"west": {"uv": [4.5, 9.5, 6, 11.5], "texture": "#0"},
				"up": {"uv": [1.5, 13, 0, 11.5], "texture": "#0"},
				"down": {"uv": [3, 11.5, 1.5, 13], "texture": "#0"}
			}
		},
		{
			"name": "head",
			"from": [7.5, 2.56178, 2.86604],
			"to": [8.5, 3.56178, 3.86604],
			"rotation": {"angle": 0, "axis": "y", "origin": [8, 3.21178, 3.36604]},
			"faces": {
				"north": {"uv": [10.5, 11.5, 11, 12], "texture": "#0"},
				"east": {"uv": [3, 14.5, 3.5, 15], "texture": "#0"},
				"south": {"uv": [3.5, 14.5, 4, 15], "texture": "#0"},
				"west": {"uv": [4, 14.5, 4.5, 15], "texture": "#0"},
				"up": {"uv": [15, 4.5, 14.5, 4], "texture": "#0"},
				"down": {"uv": [5, 14.5, 4.5, 15], "texture": "#0"}
			}
		},
		{
			"name": "head",
			"from": [7.5, 3.56178, 3.36604],
			"to": [8.5, 5.56178, 3.36604],
			"rotation": {"angle": 0, "axis": "y", "origin": [8, 3.21178, 3.36604]},
			"faces": {
				"north": {"uv": [9.5, 13.5, 10, 14.5], "texture": "#0"},
				"east": {"uv": [0, 0, 0, 1], "texture": "#0"},
				"south": {"uv": [13.5, 9.5, 14, 10.5], "texture": "#0"},
				"west": {"uv": [0, 0, 0, 1], "texture": "#0"},
				"up": {"uv": [0.5, 0, 0, 0], "texture": "#0"},
				"down": {"uv": [0.5, 0, 0, 0], "texture": "#0"}
			}
		},
		{
			"name": "head",
			"from": [5.5, 6.11453, 1.89082],
			"to": [10.5, 10.11453, 5.89082],
			"rotation": {"angle": -22.5, "axis": "x", "origin": [8, 5.86453, 3.89082]},
			"faces": {
				"north": {"uv": [0, 7.5, 2.5, 9.5], "texture": "#0"},
				"east": {"uv": [9, 0, 11, 2], "texture": "#0"},
				"south": {"uv": [2.5, 7.5, 5, 9.5], "texture": "#0"},
				"west": {"uv": [9, 2, 11, 4], "texture": "#0"},
				"up": {"uv": [7.5, 9.5, 5, 7.5], "texture": "#0"},
				"down": {"uv": [10, 7.5, 7.5, 9.5], "texture": "#0"}
			}
		},
		{
			"name": "head",
			"from": [6.5, 6.11453, -0.10918],
			"to": [9.5, 8.11453, 1.89082],
			"rotation": {"angle": -22.5, "axis": "x", "origin": [8, 5.86453, 3.89082]},
			"faces": {
				"north": {"uv": [11.5, 4, 13, 5], "texture": "#0"},
				"east": {"uv": [12.5, 6, 13.5, 7], "texture": "#0"},
				"south": {"uv": [6, 11.5, 7.5, 12.5], "texture": "#0"},
				"west": {"uv": [12.5, 7, 13.5, 8], "texture": "#0"},
				"up": {"uv": [9, 12.5, 7.5, 11.5], "texture": "#0"},
				"down": {"uv": [10.5, 11.5, 9, 12.5], "texture": "#0"}
			}
		},
		{
			"name": "head",
			"from": [7, 7.11453, -1.10918],
			"to": [9, 9.11453, 0.89082],
			"rotation": {"angle": -22.5, "axis": "x", "origin": [8, 5.86453, 3.89082]},
			"faces": {
				"north": {"uv": [7.5, 12.5, 8.5, 13.5], "texture": "#0"},
				"east": {"uv": [12.5, 8, 13.5, 9], "texture": "#0"},
				"south": {"uv": [8.5, 12.5, 9.5, 13.5], "texture": "#0"},
				"west": {"uv": [9.5, 12.5, 10.5, 13.5], "texture": "#0"},
				"up": {"uv": [1, 14, 0, 13], "texture": "#0"},
				"down": {"uv": [2, 13, 1, 14], "texture": "#0"}
			}
		},
		{
			"name": "head",
			"from": [9.38566, 8.17471, 2.26755],
			"to": [12.38566, 10.17471, 3.26755],
			"rotation": {"angle": 22.5, "axis": "z", "origin": [10.56066, 10.04971, 2.76755]},
			"faces": {
				"north": {"uv": [10.5, 12, 12, 13], "texture": "#0"},
				"east": {"uv": [10, 13.5, 10.5, 14.5], "texture": "#0"},
				"south": {"uv": [12, 12, 13.5, 13], "texture": "#0"},
				"west": {"uv": [13.5, 10.5, 14, 11.5], "texture": "#0"},
				"up": {"uv": [15, 0.5, 13.5, 0], "texture": "#0"},
				"down": {"uv": [15, 0.5, 13.5, 1], "texture": "#0"}
			}
		},
		{
			"name": "head",
			"from": [3.61434, 8.17471, 2.26755],
			"to": [6.61434, 10.17471, 3.26755],
			"rotation": {"angle": -22.5, "axis": "z", "origin": [5.43934, 10.04971, 2.76755]},
			"faces": {
				"north": {"uv": [12, 12, 10.5, 13], "texture": "#0"},
				"east": {"uv": [14, 10.5, 13.5, 11.5], "texture": "#0"},
				"south": {"uv": [13.5, 12, 12, 13], "texture": "#0"},
				"west": {"uv": [10.5, 13.5, 10, 14.5], "texture": "#0"},
				"up": {"uv": [13.5, 0.5, 15, 0], "texture": "#0"},
				"down": {"uv": [13.5, 0.5, 15, 1], "texture": "#0"}
			}
		},
		{
			"name": "head",
			"from": [9.56066, 9.47826, 3.51755],
			"to": [10.56066, 10.47826, 4.51755],
			"rotation": {"angle": -22.5, "axis": "z", "origin": [10.56066, 9.97826, 4.01755]},
			"faces": {
				"north": {"uv": [14.5, 4.5, 15, 5], "texture": "#0"},
				"east": {"uv": [14.5, 5, 15, 5.5], "texture": "#0"},
				"south": {"uv": [14.5, 5.5, 15, 6], "texture": "#0"},
				"west": {"uv": [14.5, 6, 15, 6.5], "texture": "#0"},
				"up": {"uv": [15, 7, 14.5, 6.5], "texture": "#0"},
				"down": {"uv": [15, 7, 14.5, 7.5], "texture": "#0"}
			}
		},
		{
			"name": "head",
			"from": [9.99273, 11.7203, 3.51755],
			"to": [10.99273, 14.7203, 4.51755],
			"rotation": {"angle": -22.5, "axis": "z", "origin": [10.99273, 9.2203, 4.01755]},
			"faces": {
				"north": {"uv": [13.5, 2, 14, 3.5], "texture": "#0"},
				"east": {"uv": [6, 13.5, 6.5, 15], "texture": "#0"},
				"south": {"uv": [13.5, 6, 14, 7.5], "texture": "#0"},
				"west": {"uv": [6.5, 13.5, 7, 15], "texture": "#0"},
				"up": {"uv": [15, 8, 14.5, 7.5], "texture": "#0"},
				"down": {"uv": [15, 8, 14.5, 8.5], "texture": "#0"}
			}
		},
		{
			"name": "head",
			"from": [9.69631, 11.5279, 3.51755],
			"to": [10.69631, 13.5279, 4.51755],
			"rotation": {"angle": 22.5, "axis": "z", "origin": [10.94631, 13.0279, 4.01755]},
			"faces": {
				"north": {"uv": [13.5, 13.5, 14, 14.5], "texture": "#0"},
				"east": {"uv": [0, 14, 0.5, 15], "texture": "#0"},
				"south": {"uv": [0.5, 14, 1, 15], "texture": "#0"},
				"west": {"uv": [1, 14, 1.5, 15], "texture": "#0"},
				"up": {"uv": [15, 9, 14.5, 8.5], "texture": "#0"},
				"down": {"uv": [10, 14.5, 9.5, 15], "texture": "#0"}
			}
		},
		{
			"name": "head",
			"from": [8.52086, 10.39626, 3.54255],
			"to": [9.52086, 12.39626, 4.49255],
			"rotation": {"angle": 45, "axis": "z", "origin": [9.52086, 11.89626, 4.01755]},
			"faces": {
				"north": {"uv": [1.5, 14, 2, 15], "texture": "#0"},
				"east": {"uv": [2, 14, 2.5, 15], "texture": "#0"},
				"south": {"uv": [14, 2, 14.5, 3], "texture": "#0"},
				"west": {"uv": [2.5, 14, 3, 15], "texture": "#0"},
				"up": {"uv": [15, 10, 14.5, 9.5], "texture": "#0"},
				"down": {"uv": [10.5, 14.5, 10, 15], "texture": "#0"}
			}
		},
		{
			"name": "head",
			"from": [10.81862, 10.41163, 3.51755],
			"to": [12.81862, 11.41163, 4.51755],
			"rotation": {"angle": 0, "axis": "y", "origin": [11.31862, 12.41163, 4.01755]},
			"faces": {
				"north": {"uv": [15, 11.5, 14, 12], "texture": "#0"},
				"east": {"uv": [15.5, 6, 15, 6.5], "texture": "#0"},
				"south": {"uv": [13, 14, 12, 14.5], "texture": "#0"},
				"west": {"uv": [6.5, 15, 6, 15.5], "texture": "#0"},
				"up": {"uv": [14, 12.5, 15, 12], "texture": "#0"},
				"down": {"uv": [14, 12.5, 15, 13], "texture": "#0"}
			}
		},
		{
			"name": "head",
			"from": [12.67217, 10.47229, 3.54255],
			"to": [13.67217, 11.47229, 4.49255],
			"rotation": {"angle": -45, "axis": "z", "origin": [13.17217, 11.47229, 4.01755]},
			"faces": {
				"north": {"uv": [5, 15, 4.5, 15.5], "texture": "#0"},
				"east": {"uv": [15.5, 5, 15, 5.5], "texture": "#0"},
				"south": {"uv": [5.5, 15, 5, 15.5], "texture": "#0"},
				"west": {"uv": [15.5, 4.5, 15, 5], "texture": "#0"},
				"up": {"uv": [5.5, 15.5, 6, 15], "texture": "#0"},
				"down": {"uv": [15, 5.5, 15.5, 6], "texture": "#0"}
			}
		},
		{
			"name": "head",
			"from": [9.60012, 13.01148, 3.54255],
			"to": [10.60012, 14.01148, 4.49255],
			"rotation": {"angle": 0, "axis": "y", "origin": [10.10012, 14.01148, 4.01755]},
			"faces": {
				"north": {"uv": [14.5, 14, 15, 14.5], "texture": "#0"},
				"east": {"uv": [14.5, 14.5, 15, 15], "texture": "#0"},
				"south": {"uv": [0, 15, 0.5, 15.5], "texture": "#0"},
				"west": {"uv": [15, 0, 15.5, 0.5], "texture": "#0"},
				"up": {"uv": [1, 15.5, 0.5, 15], "texture": "#0"},
				"down": {"uv": [15.5, 0.5, 15, 1], "texture": "#0"}
			}
		},
		{
			"name": "head",
			"from": [9.68168, 10.46933, 3.49255],
			"to": [10.68168, 12.46933, 4.54255],
			"rotation": {"angle": -45, "axis": "z", "origin": [10.18168, 10.46933, 4.01755]},
			"faces": {
				"north": {"uv": [14, 4, 14.5, 5], "texture": "#0"},
				"east": {"uv": [5, 14, 5.5, 15], "texture": "#0"},
				"south": {"uv": [14, 5, 14.5, 6], "texture": "#0"},
				"west": {"uv": [5.5, 14, 6, 15], "texture": "#0"},
				"up": {"uv": [1.5, 15.5, 1, 15], "texture": "#0"},
				"down": {"uv": [15.5, 1, 15, 1.5], "texture": "#0"}
			}
		},
		{
			"name": "head",
			"from": [6.47914, 10.39626, 3.54255],
			"to": [7.47914, 12.39626, 4.49255],
			"rotation": {"angle": -45, "axis": "z", "origin": [6.47914, 11.89626, 4.01755]},
			"faces": {
				"north": {"uv": [14, 6, 14.5, 7], "texture": "#0"},
				"east": {"uv": [14, 7, 14.5, 8], "texture": "#0"},
				"south": {"uv": [14, 8, 14.5, 9], "texture": "#0"},
				"west": {"uv": [14, 9.5, 14.5, 10.5], "texture": "#0"},
				"up": {"uv": [2, 15.5, 1.5, 15], "texture": "#0"},
				"down": {"uv": [15.5, 1.5, 15, 2], "texture": "#0"}
			}
		},
		{
			"name": "head",
			"from": [5.39988, 13.01148, 3.54255],
			"to": [6.39988, 14.01148, 4.49255],
			"rotation": {"angle": 0, "axis": "y", "origin": [5.89988, 14.01148, 4.01755]},
			"faces": {
				"north": {"uv": [2, 15, 2.5, 15.5], "texture": "#0"},
				"east": {"uv": [15, 2, 15.5, 2.5], "texture": "#0"},
				"south": {"uv": [2.5, 15, 3, 15.5], "texture": "#0"},
				"west": {"uv": [15, 2.5, 15.5, 3], "texture": "#0"},
				"up": {"uv": [3.5, 15.5, 3, 15], "texture": "#0"},
				"down": {"uv": [15.5, 3, 15, 3.5], "texture": "#0"}
			}
		},
		{
			"name": "head",
			"from": [5.30369, 11.5279, 3.51755],
			"to": [6.30369, 13.5279, 4.51755],
			"rotation": {"angle": -22.5, "axis": "z", "origin": [5.05369, 13.0279, 4.01755]},
			"faces": {
				"north": {"uv": [10.5, 14, 11, 15], "texture": "#0"},
				"east": {"uv": [14, 10.5, 14.5, 11.5], "texture": "#0"},
				"south": {"uv": [11, 14, 11.5, 15], "texture": "#0"},
				"west": {"uv": [11.5, 14, 12, 15], "texture": "#0"},
				"up": {"uv": [4, 15.5, 3.5, 15], "texture": "#0"},
				"down": {"uv": [15.5, 3.5, 15, 4], "texture": "#0"}
			}
		},
		{
			"name": "head",
			"from": [5.00727, 11.7203, 3.51755],
			"to": [6.00727, 14.7203, 4.51755],
			"rotation": {"angle": 22.5, "axis": "z", "origin": [5.00727, 9.2203, 4.01755]},
			"faces": {
				"north": {"uv": [7, 13.5, 7.5, 15], "texture": "#0"},
				"east": {"uv": [7.5, 13.5, 8, 15], "texture": "#0"},
				"south": {"uv": [13.5, 7.5, 14, 9], "texture": "#0"},
				"west": {"uv": [8, 13.5, 8.5, 15], "texture": "#0"},
				"up": {"uv": [4.5, 15.5, 4, 15], "texture": "#0"},
				"down": {"uv": [15.5, 4, 15, 4.5], "texture": "#0"}
			}
		},
		{
			"name": "head",
			"from": [2.32783, 10.47229, 3.54255],
			"to": [3.32783, 11.47229, 4.49255],
			"rotation": {"angle": 45, "axis": "z", "origin": [2.82783, 11.47229, 4.01755]},
			"faces": {
				"north": {"uv": [4.5, 15, 5, 15.5], "texture": "#0"},
				"east": {"uv": [15, 4.5, 15.5, 5], "texture": "#0"},
				"south": {"uv": [5, 15, 5.5, 15.5], "texture": "#0"},
				"west": {"uv": [15, 5, 15.5, 5.5], "texture": "#0"},
				"up": {"uv": [6, 15.5, 5.5, 15], "texture": "#0"},
				"down": {"uv": [15.5, 5.5, 15, 6], "texture": "#0"}
			}
		},
		{
			"name": "head",
			"from": [3.18138, 10.41163, 3.51755],
			"to": [5.18138, 11.41163, 4.51755],
			"rotation": {"angle": 0, "axis": "y", "origin": [4.68138, 12.41163, 4.01755]},
			"faces": {
				"north": {"uv": [14, 11.5, 15, 12], "texture": "#0"},
				"east": {"uv": [6, 15, 6.5, 15.5], "texture": "#0"},
				"south": {"uv": [12, 14, 13, 14.5], "texture": "#0"},
				"west": {"uv": [15, 6, 15.5, 6.5], "texture": "#0"},
				"up": {"uv": [15, 12.5, 14, 12], "texture": "#0"},
				"down": {"uv": [15, 12.5, 14, 13], "texture": "#0"}
			}
		},
		{
			"name": "head",
			"from": [5.31832, 10.46933, 3.49255],
			"to": [6.31832, 12.46933, 4.54255],
			"rotation": {"angle": 45, "axis": "z", "origin": [5.81832, 10.46933, 4.01755]},
			"faces": {
				"north": {"uv": [13, 14, 13.5, 15], "texture": "#0"},
				"east": {"uv": [14, 13, 14.5, 14], "texture": "#0"},
				"south": {"uv": [14, 14, 14.5, 15], "texture": "#0"},
				"west": {"uv": [14.5, 2, 15, 3], "texture": "#0"},
				"up": {"uv": [7, 15.5, 6.5, 15], "texture": "#0"},
				"down": {"uv": [15.5, 6.5, 15, 7], "texture": "#0"}
			}
		},
		{
			"name": "head",
			"from": [5.43934, 9.47826, 3.51755],
			"to": [6.43934, 10.47826, 4.51755],
			"rotation": {"angle": 22.5, "axis": "z", "origin": [5.43934, 9.97826, 4.01755]},
			"faces": {
				"north": {"uv": [7, 15, 7.5, 15.5], "texture": "#0"},
				"east": {"uv": [15, 7, 15.5, 7.5], "texture": "#0"},
				"south": {"uv": [7.5, 15, 8, 15.5], "texture": "#0"},
				"west": {"uv": [15, 7.5, 15.5, 8], "texture": "#0"},
				"up": {"uv": [8.5, 15.5, 8, 15], "texture": "#0"},
				"down": {"uv": [15.5, 8, 15, 8.5], "texture": "#0"}
			}
		},
		{
			"name": "torso",
			"from": [5, 0, 4],
			"to": [11, 5, 14],
			"rotation": {"angle": 0, "axis": "y", "origin": [8, 2.0045, 5.60355]},
			"faces": {
				"north": {"uv": [6, 0, 9, 2.5], "texture": "#0"},
				"east": {"uv": [0, 5, 5, 7.5], "texture": "#0"},
				"south": {"uv": [6, 2.5, 9, 5], "texture": "#0"},
				"west": {"uv": [5, 5, 10, 7.5], "texture": "#0"},
				"up": {"uv": [3, 5, 0, 0], "texture": "#0"},
				"down": {"uv": [6, 0, 3, 5], "texture": "#0"}
			}
		},
		{
			"name": "torso",
			"from": [6.5, 2, 14],
			"to": [9.5, 5, 15],
			"rotation": {"angle": 0, "axis": "y", "origin": [8, 2.0045, 5.60355]},
			"faces": {
				"north": {"uv": [3, 11.5, 4.5, 13], "texture": "#0"},
				"east": {"uv": [8.5, 13.5, 9, 15], "texture": "#0"},
				"south": {"uv": [4.5, 11.5, 6, 13], "texture": "#0"},
				"west": {"uv": [9, 13.5, 9.5, 15], "texture": "#0"},
				"up": {"uv": [15, 4, 13.5, 3.5], "texture": "#0"},
				"down": {"uv": [15, 9, 13.5, 9.5], "texture": "#0"}
			}
		},
		{
			"name": "left_leg",
			"from": [10.16282, 0.009, 11.94603],
			"to": [15.16282, 2.009, 13.94603],
			"rotation": {"angle": -22.5, "axis": "y", "origin": [10.66282, 1.009, 12.99603]},
			"faces": {
				"north": {"uv": [13.5, 3, 11, 4], "texture": "#0"},
				"east": {"uv": [13.5, 13, 12.5, 14], "texture": "#0"},
				"south": {"uv": [13.5, 9, 11, 10], "texture": "#0"},
				"west": {"uv": [12.5, 13, 11.5, 14], "texture": "#0"},
				"up": {"uv": [11, 11, 13.5, 10], "texture": "#0"},
				"down": {"uv": [11, 11, 13.5, 12], "texture": "#0"}
			}
		},
		{
			"name": "left_arm",
			"from": [10.54645, 0.009, 5.50936],
			"to": [15.54645, 2.009, 7.50936],
			"rotation": {"angle": 22.5, "axis": "y", "origin": [7, 2.0045, 5.85355]},
			"faces": {
				"north": {"uv": [11, 10.5, 8.5, 11.5], "texture": "#0"},
				"east": {"uv": [11.5, 13, 10.5, 14], "texture": "#0"},
				"south": {"uv": [13.5, 0, 11, 1], "texture": "#0"},
				"west": {"uv": [6, 13, 5, 14], "texture": "#0"},
				"up": {"uv": [11, 2, 13.5, 1], "texture": "#0"},
				"down": {"uv": [11, 2, 13.5, 3], "texture": "#0"}
			}
		},
		{
			"name": "left_arm",
			"from": [0.45355, 0.009, 5.50936],
			"to": [5.45355, 2.009, 7.50936],
			"rotation": {"angle": -22.5, "axis": "y", "origin": [9, 2.0045, 5.85355]},
			"faces": {
				"north": {"uv": [8.5, 10.5, 11, 11.5], "texture": "#0"},
				"east": {"uv": [5, 13, 6, 14], "texture": "#0"},
				"south": {"uv": [11, 0, 13.5, 1], "texture": "#0"},
				"west": {"uv": [10.5, 13, 11.5, 14], "texture": "#0"},
				"up": {"uv": [13.5, 2, 11, 1], "texture": "#0"},
				"down": {"uv": [13.5, 2, 11, 3], "texture": "#0"}
			}
		},
		{
			"name": "left_leg",
			"from": [0.83718, 0.009, 11.94603],
			"to": [5.83718, 2.009, 13.94603],
			"rotation": {"angle": 22.5, "axis": "y", "origin": [5.33718, 1.009, 12.99603]},
			"faces": {
				"north": {"uv": [11, 3, 13.5, 4], "texture": "#0"},
				"east": {"uv": [11.5, 13, 12.5, 14], "texture": "#0"},
				"south": {"uv": [11, 9, 13.5, 10], "texture": "#0"},
				"west": {"uv": [12.5, 13, 13.5, 14], "texture": "#0"},
				"up": {"uv": [13.5, 11, 11, 10], "texture": "#0"},
				"down": {"uv": [13.5, 11, 11, 12], "texture": "#0"}
			}
		}
	],
	"display": {
		"thirdperson_righthand": {
			"rotation": [71, 43, 0],
			"translation": [0, 0.75, 2.25],
			"scale": [0.71, 0.71, 0.71]
		},
		"thirdperson_lefthand": {
			"rotation": [71, 43, 0],
			"translation": [0, 0.75, 2.25],
			"scale": [0.71, 0.71, 0.71]
		},
		"firstperson_righthand": {
			"rotation": [0, 109, 5],
			"translation": [4.5, 6.25, 0],
			"scale": [0.8, 0.8, 0.8]
		},
		"firstperson_lefthand": {
			"rotation": [0, 109, 5],
			"translation": [4.5, 6.25, 0],
			"scale": [0.8, 0.8, 0.8]
		},
		"ground": {
			"translation": [0, 3.5, 0],
			"scale": [0.65, 0.65, 0.65]
		},
		"gui": {
			"rotation": [25, 151, 0],
			"translation": [0, 2, 0],
			"scale": [0.76, 0.76, 0.76]
		},
		"head": {
			"translation": [0, 14.4, 0]
		},
		"fixed": {
			"rotation": [-90, 0, 0],
			"translation": [0, 0, -13.5],
			"scale": [1.7, 1.7, 1.7]
		}
	},
	"groups": [
		{
			"name": "nm_plushie_rudolph",
			"origin": [8, 8, 8],
			"color": 0,
			"children": [
				{
					"name": "group",
					"origin": [9.5, 11.48892, 3.79255],
					"color": 0,
					"children": [
						0,
						1,
						2,
						3,
						4,
						5,
						6,
						7,
						{
							"name": "group",
							"origin": [10.56066, 10.42826, 3.79255],
							"color": 0,
							"children": [8, 9, 10, 11, 12, 13, 14, 15, 16, 17, 18, 19, 20, 21, 22, 23]
						}
					]
				},
				24,
				25,
				26,
				27,
				28,
				29
			]
		}
	]
}