{
	"texture_size": [64, 64],
	"textures": {
		"0": "edoplushies:plushies/edovalentines/plushie_mr_cuddles_texture"
	},
	"elements": [
		{
			"name": "torso",
			"from": [3.5, 0, 5],
			"to": [12.5, 10, 12],
			"rotation": {"angle": 0, "axis": "y", "origin": [8, 2.0045, 9.60355]},
			"faces": {
				"north": {"uv": [0, 0, 2.25, 2.5], "texture": "#0"},
				"east": {"uv": [0, 2.5, 1.75, 5], "texture": "#0"},
				"south": {"uv": [2.25, 0, 4.5, 2.5], "texture": "#0"},
				"west": {"uv": [1.75, 2.5, 3.5, 5], "texture": "#0"},
				"up": {"uv": [5.75, 4.25, 3.5, 2.5], "texture": "#0"},
				"down": {"uv": [5.75, 4.25, 3.5, 6], "texture": "#0"}
			}
		},
		{
			"name": "torso",
			"from": [6.5, 0, 12],
			"to": [9.5, 3, 14],
			"rotation": {"angle": 0, "axis": "y", "origin": [8, 2.0045, 9.60355]},
			"faces": {
				"north": {"uv": [7.5, 4, 8.25, 4.75], "texture": "#0"},
				"east": {"uv": [3, 6.75, 3.5, 7.5], "texture": "#0"},
				"south": {"uv": [7.5, 4.75, 8.25, 5.5], "texture": "#0"},
				"west": {"uv": [3, 8.25, 3.5, 9], "texture": "#0"},
				"up": {"uv": [9, 3.75, 8.25, 3.25], "texture": "#0"},
				"down": {"uv": [4.25, 8.25, 3.5, 8.75], "texture": "#0"}
			}
		},
		{
			"name": "head",
			"from": [4.5, 9.1, 4.35],
			"to": [11.5, 16.1, 11.35],
			"rotation": {"angle": -22.5, "axis": "x", "origin": [8, 7.75, 9.5]},
			"faces": {
				"north": {"uv": [4.5, 0, 6.25, 1.75], "texture": "#0"},
				"east": {"uv": [0, 5, 1.75, 6.75], "texture": "#0"},
				"south": {"uv": [1.75, 5, 3.5, 6.75], "texture": "#0"},
				"west": {"uv": [5.75, 1.75, 7.5, 3.5], "texture": "#0"},
				"up": {"uv": [7.5, 5.25, 5.75, 3.5], "texture": "#0"},
				"down": {"uv": [7.5, 5.25, 5.75, 7], "texture": "#0"}
			}
		},
		{
			"name": "head",
			"from": [2.5, 14.1, 6.35],
			"to": [5.5, 17.1, 7.35],
			"rotation": {"angle": -22.5, "axis": "x", "origin": [8, 7.75, 9.5]},
			"faces": {
				"north": {"uv": [5, 7.5, 5.75, 8.25], "texture": "#0"},
				"east": {"uv": [8.25, 4.5, 8.5, 5.25], "texture": "#0"},
				"south": {"uv": [7.5, 5.5, 8.25, 6.25], "texture": "#0"},
				"west": {"uv": [4.75, 8.25, 5, 9], "texture": "#0"},
				"up": {"uv": [7, 1.75, 6.25, 1.5], "texture": "#0"},
				"down": {"uv": [5.75, 8.25, 5, 8.5], "texture": "#0"}
			}
		},
		{
			"name": "head",
			"from": [10.5, 14.1, 6.35],
			"to": [13.5, 17.1, 7.35],
			"rotation": {"angle": -22.5, "axis": "x", "origin": [8, 7.75, 9.5]},
			"faces": {
				"north": {"uv": [7.5, 6.25, 8.25, 7], "texture": "#0"},
				"east": {"uv": [8.25, 5.25, 8.5, 6], "texture": "#0"},
				"south": {"uv": [7.25, 7.75, 8, 8.5], "texture": "#0"},
				"west": {"uv": [5.75, 8.25, 6, 9], "texture": "#0"},
				"up": {"uv": [6.75, 8.5, 6, 8.25], "texture": "#0"},
				"down": {"uv": [9, 6, 8.25, 6.25], "texture": "#0"}
			}
		},
		{
			"name": "head",
			"from": [6, 9.1, 2.35],
			"to": [10, 12.1, 4.35],
			"rotation": {"angle": -22.5, "axis": "x", "origin": [8, 7.75, 9.5]},
			"faces": {
				"north": {"uv": [3, 7.5, 4, 8.25], "texture": "#0"},
				"east": {"uv": [8.25, 3.75, 8.75, 4.5], "texture": "#0"},
				"south": {"uv": [4, 7.5, 5, 8.25], "texture": "#0"},
				"west": {"uv": [4.25, 8.25, 4.75, 9], "texture": "#0"},
				"up": {"uv": [9.25, 2.75, 8.25, 2.25], "texture": "#0"},
				"down": {"uv": [9.25, 2.75, 8.25, 3.25], "texture": "#0"}
			}
		},
		{
			"name": "left_arm",
			"from": [0.16813, 2.86574, 7],
			"to": [3.16813, 8.86574, 10],
			"rotation": {"angle": -45, "axis": "z", "origin": [2.16813, 4.86574, 9]},
			"faces": {
				"north": {"uv": [3.5, 6, 4.25, 7.5], "texture": "#0"},
				"east": {"uv": [4.25, 6, 5, 7.5], "texture": "#0"},
				"south": {"uv": [5, 6, 5.75, 7.5], "texture": "#0"},
				"west": {"uv": [6.25, 0, 7, 1.5], "texture": "#0"},
				"up": {"uv": [8.75, 8.5, 8, 7.75], "texture": "#0"},
				"down": {"uv": [0.75, 8.25, 0, 9], "texture": "#0"}
			}
		},
		{
			"name": "left_leg",
			"from": [4.175, 0.01, 2],
			"to": [7.175, 3.01, 7],
			"rotation": {"angle": 22.5, "axis": "y", "origin": [5, 0.01, 7]},
			"faces": {
				"north": {"uv": [8.25, 0, 9, 0.75], "texture": "#0"},
				"east": {"uv": [4.5, 1.75, 5.75, 2.5], "texture": "#0"},
				"south": {"uv": [0.75, 8.25, 1.5, 9], "texture": "#0"},
				"west": {"uv": [7, 0, 8.25, 0.75], "texture": "#0"},
				"up": {"uv": [6.5, 8.25, 5.75, 7], "texture": "#0"},
				"down": {"uv": [7.25, 7, 6.5, 8.25], "texture": "#0"}
			}
		},
		{
			"name": "right_leg",
			"from": [8.825, 0.01, 2],
			"to": [11.825, 3.01, 7],
			"rotation": {"angle": -22.5, "axis": "y", "origin": [11, 0.01, 7]},
			"faces": {
				"north": {"uv": [8.25, 0.75, 9, 1.5], "texture": "#0"},
				"east": {"uv": [7, 0.75, 8.25, 1.5], "texture": "#0"},
				"south": {"uv": [1.5, 8.25, 2.25, 9], "texture": "#0"},
				"west": {"uv": [7.25, 7, 8.5, 7.75], "texture": "#0"},
				"up": {"uv": [8.25, 2.75, 7.5, 1.5], "texture": "#0"},
				"down": {"uv": [8.25, 2.75, 7.5, 4], "texture": "#0"}
			}
		},
		{
			"name": "right_arm",
			"from": [12.83187, 2.86574, 7],
			"to": [15.83187, 8.86574, 10],
			"rotation": {"angle": 45, "axis": "z", "origin": [13.83187, 4.86574, 9]},
			"faces": {
				"north": {"uv": [0, 6.75, 0.75, 8.25], "texture": "#0"},
				"east": {"uv": [0.75, 6.75, 1.5, 8.25], "texture": "#0"},
				"south": {"uv": [1.5, 6.75, 2.25, 8.25], "texture": "#0"},
				"west": {"uv": [2.25, 6.75, 3, 8.25], "texture": "#0"},
				"up": {"uv": [9, 2.25, 8.25, 1.5], "texture": "#0"},
				"down": {"uv": [3, 8.25, 2.25, 9], "texture": "#0"}
			}
		}
	],
	"display": {
		"thirdperson_righthand": {
			"rotation": [24, 13, 0],
			"translation": [0, 0.75, -0.5],
			"scale": [0.53, 0.53, 0.53]
		},
		"thirdperson_lefthand": {
			"rotation": [24, 13, 0],
			"translation": [0, 0.75, -0.5],
			"scale": [0.53, 0.53, 0.53]
		},
		"firstperson_righthand": {
			"rotation": [0, 109, 5],
			"translation": [3.25, 3.5, 0],
			"scale": [0.68, 0.68, 0.68]
		},
		"firstperson_lefthand": {
			"rotation": [0, 109, 5],
			"translation": [3.25, 3.5, 0],
			"scale": [0.68, 0.68, 0.68]
		},
		"ground": {
			"translation": [0, 3.5, 0],
			"scale": [0.65, 0.65, 0.65]
		},
		"gui": {
			"rotation": [25, 151, 0],
			"translation": [0.5, 0.25, 0],
			"scale": [0.71, 0.71, 0.71]
		},
		"head": {
			"translation": [0, 14.4, 0]
		},
		"fixed": {
			"rotation": [-90, 0, 0],
			"translation": [0, 0.75, -13.5],
			"scale": [1.7, 1.7, 1.7]
		}
	},
	"groups": [
		{
			"name": "nm_plushie_mr_cuddles",
			"origin": [8, 8, 8],
			"color": 0,
			"children": [
				0,
				1,
				{
					"name": "group",
					"origin": [8, 7.5, 8.25],
					"color": 0,
					"children": [2, 3, 4, 5]
				},
				{
					"name": "group",
					"origin": [8, 0.01, 6],
					"color": 0,
					"children": [6, 7, 8, 9]
				}
			]
		}
	]
}