{
	"credit": "Made with Blockbench",
	"texture_size": [32, 32],
	"textures": {
		"0": "edoplushies:plushies/edovalentines/plushie_pistacho_texture"
	},
	"elements": [
		{
			"from": [5, 1.37087, 5],
			"to": [11, 6.37087, 11],
			"rotation": {"angle": 0, "axis": "y", "origin": [8, -1.62913, 8]},
			"faces": {
				"north": {"uv": [0, 0, 3, 2.5], "texture": "#0"},
				"east": {"uv": [0, 2.5, 3, 5], "texture": "#0"},
				"south": {"uv": [3, 0, 6, 2.5], "texture": "#0"},
				"west": {"uv": [3, 2.5, 6, 5], "texture": "#0"},
				"up": {"uv": [0, 5, 3, 8], "texture": "#0"},
				"down": {"uv": [3, 5, 6, 8], "texture": "#0"}
			}
		},
		{
			"from": [8, 6.37087, 5],
			"to": [8, 7.37087, 7],
			"rotation": {"angle": 0, "axis": "y", "origin": [9, 3.37087, 6]},
			"faces": {
				"north": {"uv": [6.5, 8.5, 6.5, 9], "texture": "#0"},
				"east": {"uv": [6.5, 9, 7.5, 9.5], "texture": "#0"},
				"south": {"uv": [6.5, 8.5, 6.5, 9], "texture": "#0"},
				"west": {"uv": [6.5, 8.5, 7.5, 9], "texture": "#0"},
				"up": {"uv": [6.5, 8.5, 6.5, 10], "texture": "#0"},
				"down": {"uv": [6.5, 8.5, 6.5, 10], "texture": "#0"}
			}
		},
		{
			"from": [11, 1.96655, 7],
			"to": [12, 4.96655, 12],
			"rotation": {"angle": 0, "axis": "y", "origin": [11.40707, -0.04671, 8.9]},
			"faces": {
				"north": {"uv": [6, 8.5, 6.5, 10], "texture": "#0"},
				"east": {"uv": [4, 8.5, 6, 10], "texture": "#0"},
				"south": {"uv": [7.5, 8.5, 8, 10], "texture": "#0"},
				"west": {"uv": [1.5, 8.5, 3.5, 10], "texture": "#0"},
				"up": {"uv": [1, 8, 1.5, 10], "texture": "#0"},
				"down": {"uv": [3.5, 8, 4, 10], "texture": "#0"}
			}
		},
		{
			"from": [11, 1.96655, 12],
			"to": [12, 3.96655, 13],
			"rotation": {"angle": 0, "axis": "y", "origin": [11.9412, -1.03345, 13.25]},
			"faces": {
				"north": {"uv": [0, 9, 0.5, 10], "texture": "#0"},
				"east": {"uv": [0, 9, 0.5, 10], "texture": "#0"},
				"south": {"uv": [0, 9, 0.5, 10], "texture": "#0"},
				"west": {"uv": [0, 9, 0.5, 10], "texture": "#0"},
				"up": {"uv": [0, 9, 0.5, 9.5], "texture": "#0"},
				"down": {"uv": [0.5, 9, 1, 9.5], "texture": "#0"}
			}
		},
		{
			"from": [11, 1.96655, 13],
			"to": [12, 2.96655, 14],
			"rotation": {"angle": 0, "axis": "y", "origin": [11.9412, -1.03345, 14]},
			"faces": {
				"north": {"uv": [0, 9, 0.5, 9.5], "texture": "#0"},
				"east": {"uv": [0, 9, 0.5, 9.5], "texture": "#0"},
				"south": {"uv": [0, 9, 0.5, 9.5], "texture": "#0"},
				"west": {"uv": [0, 9, 0.5, 9.5], "texture": "#0"},
				"up": {"uv": [0, 9, 0.5, 9.5], "texture": "#0"},
				"down": {"uv": [0, 9, 0.5, 9.5], "texture": "#0"}
			}
		},
		{
			"from": [4, 1.99856, 7.03881],
			"to": [5, 4.99856, 12.03881],
			"rotation": {"angle": 0, "axis": "y", "origin": [4.99376, -0.99687, 8.03881]},
			"faces": {
				"north": {"uv": [6, 8.5, 6.5, 10], "texture": "#0"},
				"east": {"uv": [4, 8.5, 6, 10], "texture": "#0"},
				"south": {"uv": [7.5, 8.5, 8, 10], "texture": "#0"},
				"west": {"uv": [1.5, 8.5, 3.5, 10], "texture": "#0"},
				"up": {"uv": [1, 8, 1.5, 10], "texture": "#0"},
				"down": {"uv": [3.5, 8, 4, 10], "texture": "#0"}
			}
		},
		{
			"from": [4, 1.99856, 12.03881],
			"to": [5, 3.99856, 13.03881],
			"rotation": {"angle": 0, "axis": "y", "origin": [5.02004, -1.00144, 13.03881]},
			"faces": {
				"north": {"uv": [0, 9, 0.5, 10], "texture": "#0"},
				"east": {"uv": [0, 9, 0.5, 10], "texture": "#0"},
				"south": {"uv": [0, 9, 0.5, 10], "texture": "#0"},
				"west": {"uv": [0, 9, 0.5, 10], "texture": "#0"},
				"up": {"uv": [0, 9, 0.5, 9.5], "texture": "#0"},
				"down": {"uv": [0.5, 9, 1, 9.5], "texture": "#0"}
			}
		},
		{
			"from": [4, 1.99856, 13.03881],
			"to": [5, 2.99856, 14.03881],
			"rotation": {"angle": 0, "axis": "y", "origin": [5.02004, -1.00144, 14.03881]},
			"faces": {
				"north": {"uv": [0, 9, 0.5, 9.5], "texture": "#0"},
				"east": {"uv": [0, 9, 0.5, 9.5], "texture": "#0"},
				"south": {"uv": [0, 9, 0.5, 9.5], "texture": "#0"},
				"west": {"uv": [0, 9, 0.5, 9.5], "texture": "#0"},
				"up": {"uv": [0, 9, 0.5, 9.5], "texture": "#0"},
				"down": {"uv": [0, 9, 0.5, 9.5], "texture": "#0"}
			}
		},
		{
			"from": [6.5, 4.6762, 9.664],
			"to": [9.5, 5.6762, 13.664],
			"rotation": {"angle": -45, "axis": "x", "origin": [8.375, 5.1762, 13.1585]},
			"faces": {
				"north": {"uv": [10.5, 8.5, 11.5, 9], "texture": "#0"},
				"east": {"uv": [10.5, 9.5, 12.5, 10], "texture": "#0"},
				"south": {"uv": [10.5, 8, 11.5, 8.5], "texture": "#0"},
				"west": {"uv": [10.5, 9, 12.5, 9.5], "texture": "#0"},
				"up": {"uv": [8.5, 8, 9.5, 10], "texture": "#0"},
				"down": {"uv": [9.5, 8, 10.5, 10], "texture": "#0"}
			}
		},
		{
			"from": [8, 4.6762, 13.6531],
			"to": [9.5, 5.6762, 15.6531],
			"rotation": {"angle": -45, "axis": "x", "origin": [8.375, 5.1762, 13.1585]},
			"faces": {
				"north": {"uv": [13, 9, 13.5, 9.5], "texture": "#0"},
				"east": {"uv": [13, 9, 13.5, 9.5], "texture": "#0"},
				"south": {"uv": [13, 9, 13.5, 9.5], "texture": "#0"},
				"west": {"uv": [13, 9, 13.5, 9.5], "texture": "#0"},
				"up": {"uv": [13, 9, 13.5, 10], "texture": "#0"},
				"down": {"uv": [13, 9, 13.5, 10], "texture": "#0"}
			}
		},
		{
			"from": [6.8097, 3.87087, 3.65],
			"to": [9.3097, 4.37087, 5.65],
			"rotation": {"angle": 0, "axis": "y", "origin": [10.8097, 0.87087, 13.4]},
			"faces": {
				"north": {"uv": [13.5, 1, 15, 1.5], "texture": "#0"},
				"east": {"uv": [15, 0, 15.5, 0.5], "texture": "#0"},
				"south": {"uv": [13.5, 1, 15, 1.5], "texture": "#0"},
				"west": {"uv": [13, 0, 13.5, 0.5], "texture": "#0"},
				"up": {"uv": [13.5, 0, 15, 1], "texture": "#0"},
				"down": {"uv": [6, 1, 7.5, 1.5], "texture": "#0"}
			}
		},
		{
			"from": [6.8097, 3.37849, 4.02431],
			"to": [9.3097, 3.87849, 7.02431],
			"rotation": {"angle": 0, "axis": "y", "origin": [8.0597, 2.37849, 14.77431]},
			"faces": {
				"north": {"uv": [6, 1, 7.5, 1.5], "texture": "#0"},
				"east": {"uv": [10, 0, 10.5, 0.5], "texture": "#0"},
				"south": {"uv": [6, 0, 7.5, 0.5], "texture": "#0"},
				"west": {"uv": [8, 0, 8.5, 0.5], "texture": "#0"},
				"up": {"uv": [8.5, 0, 10, 2], "texture": "#0"},
				"down": {"uv": [6, 0.5, 7.5, 1], "texture": "#0"}
			}
		},
		{
			"from": [8.5, 0.15, 7],
			"to": [10.5, 2.15, 9],
			"rotation": {"angle": 0, "axis": "y", "origin": [9.5, 7.15, 8]},
			"faces": {
				"north": {"uv": [7, 4, 8, 5], "texture": "#0"},
				"east": {"uv": [6, 4, 7, 5], "texture": "#0"},
				"south": {"uv": [9, 4, 10, 5], "texture": "#0"},
				"west": {"uv": [8, 4, 9, 5], "texture": "#0"},
				"up": {"uv": [7, 3, 8, 4], "texture": "#0"},
				"down": {"uv": [8, 3, 9, 4], "texture": "#0"}
			}
		},
		{
			"from": [8.5, 0.15, 6.3],
			"to": [9.25, 0.15, 7.05],
			"rotation": {"angle": 0, "axis": "y", "origin": [9.5, -2.85, 7.3]},
			"faces": {
				"north": {"uv": [6.5, 5, 7, 5.5], "texture": "#0"},
				"east": {"uv": [6.5, 5, 7, 5.5], "texture": "#0"},
				"south": {"uv": [6.5, 5, 7, 5.5], "texture": "#0"},
				"west": {"uv": [6.5, 5, 7, 5.5], "texture": "#0"},
				"up": {"uv": [6.5, 5, 7, 5.5], "texture": "#0"},
				"down": {"uv": [6.5, 5, 7, 5.5], "texture": "#0"}
			}
		},
		{
			"from": [9.75, 0.15, 6.3],
			"to": [10.5, 0.15, 7],
			"rotation": {"angle": 0, "axis": "y", "origin": [10.8, -2.85, 7.3]},
			"faces": {
				"north": {"uv": [6, 5, 6.5, 5.5], "texture": "#0"},
				"east": {"uv": [6, 5, 6.5, 5.5], "texture": "#0"},
				"south": {"uv": [6, 5, 6.5, 5.5], "texture": "#0"},
				"west": {"uv": [6, 5, 6.5, 5.5], "texture": "#0"},
				"up": {"uv": [6, 5, 6.5, 5.5], "texture": "#0"},
				"down": {"uv": [6, 5, 6.5, 5.5], "texture": "#0"}
			}
		},
		{
			"from": [5.5, 0.15, 7],
			"to": [7.5, 2.15, 9],
			"rotation": {"angle": 0, "axis": "y", "origin": [6.5, 7.15, 8]},
			"faces": {
				"north": {"uv": [12, 4, 13, 5], "texture": "#0"},
				"east": {"uv": [11, 4, 12, 5], "texture": "#0"},
				"south": {"uv": [10, 4, 11, 5], "texture": "#0"},
				"west": {"uv": [13, 4, 14, 5], "texture": "#0"},
				"up": {"uv": [12, 3, 13, 4], "texture": "#0"},
				"down": {"uv": [11, 3, 12, 4], "texture": "#0"}
			}
		},
		{
			"from": [5.5, 0.15, 6.3],
			"to": [6.25, 0.15, 7.05],
			"rotation": {"angle": 0, "axis": "y", "origin": [6.5, -2.85, 7.3]},
			"faces": {
				"north": {"uv": [8.5, 5, 9, 5.5], "texture": "#0"},
				"east": {"uv": [8.5, 5, 9, 5.5], "texture": "#0"},
				"south": {"uv": [8.5, 5, 9, 5.5], "texture": "#0"},
				"west": {"uv": [8.5, 5, 9, 5.5], "texture": "#0"},
				"up": {"uv": [8.5, 5, 9, 5.5], "texture": "#0"},
				"down": {"uv": [8.5, 5, 9, 5.5], "texture": "#0"}
			}
		},
		{
			"from": [6.75, 0.15, 6.3],
			"to": [7.5, 0.15, 7],
			"rotation": {"angle": 0, "axis": "y", "origin": [7.8, -2.85, 7.3]},
			"faces": {
				"north": {"uv": [8, 5, 8.5, 5.5], "texture": "#0"},
				"east": {"uv": [8, 5, 8.5, 5.5], "texture": "#0"},
				"south": {"uv": [8, 5, 8.5, 5.5], "texture": "#0"},
				"west": {"uv": [8, 5, 8.5, 5.5], "texture": "#0"},
				"up": {"uv": [8, 5, 8.5, 5.5], "texture": "#0"},
				"down": {"uv": [8, 5, 8.5, 5.5], "texture": "#0"}
			}
		}
	],
	"display": {
		"thirdperson_righthand": {
			"rotation": [24, 13, 0],
			"translation": [0, 3, 0],
			"scale": [0.75, 0.75, 0.75]
		},
		"thirdperson_lefthand": {
			"rotation": [24, 13, 0],
			"translation": [0, 3, 0],
			"scale": [0.75, 0.75, 0.75]
		},
		"firstperson_righthand": {
			"rotation": [0, 109, 5],
			"translation": [3.25, 9.25, 0]
		},
		"firstperson_lefthand": {
			"rotation": [0, 109, 5],
			"translation": [3.25, 9.25, 0]
		},
		"ground": {
			"translation": [0, 4.5, 0]
		},
		"gui": {
			"rotation": [25, 151, 0],
			"translation": [0.25, 4, 0]
		},
		"head": {
			"translation": [0, 14.4, 0]
		},
		"fixed": {
			"rotation": [-90, 0, 0],
			"translation": [0, 0, -13.5],
			"scale": [1.7, 1.7, 1.7]
		}
	},
	"groups": [
		{
			"name": "main",
			"origin": [8, 10, 8],
			"color": 0,
			"children": [
				{
					"name": "body",
					"origin": [8, 10, 8],
					"color": 0,
					"children": [
						{
							"name": "body2",
							"origin": [8, 9.72087, 8],
							"color": 0,
							"children": [
								0,
								1,
								{
									"name": "left_arm",
									"origin": [11.33268, 13.547, 6.83333],
									"color": 0,
									"children": [2, 3, 4]
								},
								{
									"name": "right_arm",
									"origin": [4.86732, 13.547, 7.08333],
									"color": 0,
									"children": [5, 6, 7]
								},
								{
									"name": "tail",
									"origin": [8, 10.37087, 9.75],
									"color": 0,
									"children": [8, 9]
								},
								{
									"name": "pico_arriba",
									"origin": [8, 9.72087, 7],
									"color": 0,
									"children": [10]
								},
								{
									"name": "pico_abajo",
									"origin": [8, 13.72087, 5],
									"color": 0,
									"children": [11]
								}
							]
						}
					]
				},
				{
					"name": "left_leg",
					"origin": [9.5, 8.83333, 7.10833],
					"color": 0,
					"children": [12, 13, 14]
				},
				{
					"name": "right_leg",
					"origin": [5, 10, 8],
					"color": 0,
					"children": [15, 16, 17]
				}
			]
		}
	]
}