{
	"texture_size": [32, 32],
	"textures": {
		"0": "edoplushies:plushies/edovalentines/plushie_teddy_pink_texture"
	},
	"elements": [
		{
			"name": "torso",
			"from": [5.5, 0, 7.25],
			"to": [10.5, 8, 11.25],
			"rotation": {"angle": 0, "axis": "y", "origin": [8, 2.0045, 8.85355]},
			"faces": {
				"north": {"uv": [3.5, 7, 6, 11], "texture": "#0"},
				"east": {"uv": [6, 7.5, 8, 11.5], "texture": "#0"},
				"south": {"uv": [7, 3.5, 9.5, 7.5], "texture": "#0"},
				"west": {"uv": [8, 7.5, 10, 11.5], "texture": "#0"},
				"up": {"uv": [12, 5.5, 9.5, 3.5], "texture": "#0"},
				"down": {"uv": [12, 5.5, 9.5, 7.5], "texture": "#0"}
			}
		},
		{
			"name": "torso",
			"from": [7, 0, 11.25],
			"to": [9, 2, 12.25],
			"rotation": {"angle": 0, "axis": "y", "origin": [8, 2.0045, 8.85355]},
			"faces": {
				"north": {"uv": [13, 8, 14, 9], "texture": "#0"},
				"east": {"uv": [13, 9, 13.5, 10], "texture": "#0"},
				"south": {"uv": [3, 13.5, 4, 14.5], "texture": "#0"},
				"west": {"uv": [4, 13.5, 4.5, 14.5], "texture": "#0"},
				"up": {"uv": [6, 14.5, 5, 14], "texture": "#0"},
				"down": {"uv": [7, 14, 6, 14.5], "texture": "#0"}
			}
		},
		{
			"name": "head",
			"from": [4.5, 5.6, 4.85],
			"to": [11.5, 12.6, 11.85],
			"rotation": {"angle": -22.5, "axis": "x", "origin": [8, 7.75, 8.25]},
			"faces": {
				"north": {"uv": [0, 0, 3.5, 3.5], "texture": "#0"},
				"east": {"uv": [0, 3.5, 3.5, 7], "texture": "#0"},
				"south": {"uv": [3.5, 0, 7, 3.5], "texture": "#0"},
				"west": {"uv": [3.5, 3.5, 7, 7], "texture": "#0"},
				"up": {"uv": [3.5, 10.5, 0, 7], "texture": "#0"},
				"down": {"uv": [10.5, 0, 7, 3.5], "texture": "#0"}
			}
		},
		{
			"name": "head",
			"from": [6, 5.6, 2.85],
			"to": [10, 8.6, 4.85],
			"rotation": {"angle": -22.5, "axis": "x", "origin": [8, 7.75, 8.25]},
			"faces": {
				"north": {"uv": [10, 7.5, 12, 9], "texture": "#0"},
				"east": {"uv": [12.5, 10, 13.5, 11.5], "texture": "#0"},
				"south": {"uv": [10, 9, 12, 10.5], "texture": "#0"},
				"west": {"uv": [11.5, 12.5, 12.5, 14], "texture": "#0"},
				"up": {"uv": [6.5, 12.5, 4.5, 11.5], "texture": "#0"},
				"down": {"uv": [8.5, 11.5, 6.5, 12.5], "texture": "#0"}
			}
		},
		{
			"name": "head",
			"from": [10.5, 9.92446, 5.25384],
			"to": [13.5, 12.92446, 6.25384],
			"rotation": {"angle": -22.5, "axis": "x", "origin": [12, 11.42446, 5.75384]},
			"faces": {
				"north": {"uv": [0, 10.5, 1.5, 12], "texture": "#0"},
				"east": {"uv": [9, 13.5, 9.5, 15], "texture": "#0"},
				"south": {"uv": [10.5, 0, 12, 1.5], "texture": "#0"},
				"west": {"uv": [2, 14, 2.5, 15.5], "texture": "#0"},
				"up": {"uv": [12, 3.5, 10.5, 3], "texture": "#0"},
				"down": {"uv": [6, 11, 4.5, 11.5], "texture": "#0"}
			}
		},
		{
			"name": "head",
			"from": [2.5, 9.92446, 5.25384],
			"to": [5.5, 12.92446, 6.25384],
			"rotation": {"angle": -22.5, "axis": "x", "origin": [4, 11.42446, 5.75384]},
			"faces": {
				"north": {"uv": [1.5, 10.5, 3, 12], "texture": "#0"},
				"east": {"uv": [14, 2, 14.5, 3.5], "texture": "#0"},
				"south": {"uv": [10.5, 1.5, 12, 3], "texture": "#0"},
				"west": {"uv": [2.5, 14, 3, 15.5], "texture": "#0"},
				"up": {"uv": [15, 11.5, 13.5, 11], "texture": "#0"},
				"down": {"uv": [15.5, 3.5, 14, 4], "texture": "#0"}
			}
		},
		{
			"name": "right_arm",
			"from": [9.83187, 1.74074, 8.25],
			"to": [11.83187, 5.74074, 10.25],
			"rotation": {"angle": 45, "axis": "z", "origin": [10.83187, 3.74074, 9.25]},
			"faces": {
				"north": {"uv": [8.5, 11.5, 9.5, 13.5], "texture": "#0"},
				"east": {"uv": [11.5, 10.5, 12.5, 12.5], "texture": "#0"},
				"south": {"uv": [0, 12, 1, 14], "texture": "#0"},
				"west": {"uv": [12, 0, 13, 2], "texture": "#0"},
				"up": {"uv": [9, 14.5, 8, 13.5], "texture": "#0"},
				"down": {"uv": [14.5, 10, 13.5, 11], "texture": "#0"}
			}
		},
		{
			"name": "left_arm",
			"from": [4.16813, 1.74074, 8.25],
			"to": [6.16813, 5.74074, 10.25],
			"rotation": {"angle": -45, "axis": "z", "origin": [5.16813, 3.74074, 9.25]},
			"faces": {
				"north": {"uv": [1, 12, 2, 14], "texture": "#0"},
				"east": {"uv": [2, 12, 3, 14], "texture": "#0"},
				"south": {"uv": [12, 2, 13, 4], "texture": "#0"},
				"west": {"uv": [12, 4, 13, 6], "texture": "#0"},
				"up": {"uv": [13.5, 14.5, 12.5, 13.5], "texture": "#0"},
				"down": {"uv": [14.5, 13.5, 13.5, 14.5], "texture": "#0"}
			}
		},
		{
			"name": "heart",
			"from": [0.99189, 0.38701, 7.75],
			"to": [1.99189, 2.38701, 10.75],
			"rotation": {"angle": -22.5, "axis": "z", "origin": [2.69189, 1.58701, 9.25]},
			"faces": {
				"north": {"uv": [8, 12.5, 8.5, 13.5], "texture": "#0"},
				"east": {"uv": [12.5, 11.5, 14, 12.5], "texture": "#0"},
				"south": {"uv": [14, 7, 14.5, 8], "texture": "#0"},
				"west": {"uv": [12.5, 12.5, 14, 13.5], "texture": "#0"},
				"up": {"uv": [14.5, 5.5, 14, 4], "texture": "#0"},
				"down": {"uv": [14.5, 5.5, 14, 7], "texture": "#0"}
			}
		},
		{
			"name": "heart",
			"from": [1.99189, 0.38701, 7.75],
			"to": [3.99189, 3.38701, 10.75],
			"rotation": {"angle": -22.5, "axis": "z", "origin": [2.69189, 1.58701, 9.25]},
			"faces": {
				"north": {"uv": [13, 0, 14, 1.5], "texture": "#0"},
				"east": {"uv": [10, 10.5, 11.5, 12], "texture": "#0"},
				"south": {"uv": [13, 1.5, 14, 3], "texture": "#0"},
				"west": {"uv": [3, 11, 4.5, 12.5], "texture": "#0"},
				"up": {"uv": [14, 4.5, 13, 3], "texture": "#0"},
				"down": {"uv": [14, 4.5, 13, 6], "texture": "#0"}
			}
		},
		{
			"name": "right_leg",
			"from": [9.075, 0.01, 4.25],
			"to": [11.075, 2.01, 8.25],
			"rotation": {"angle": -22.5, "axis": "y", "origin": [8, 0.01, 6.25]},
			"faces": {
				"north": {"uv": [0, 14, 1, 15], "texture": "#0"},
				"east": {"uv": [12, 6, 14, 7], "texture": "#0"},
				"south": {"uv": [14, 0, 15, 1], "texture": "#0"},
				"west": {"uv": [12, 7, 14, 8], "texture": "#0"},
				"up": {"uv": [13, 10, 12, 8], "texture": "#0"},
				"down": {"uv": [10.5, 12, 9.5, 14], "texture": "#0"}
			}
		},
		{
			"name": "left_leg",
			"from": [4.925, 0.01, 4.25],
			"to": [6.925, 2.01, 8.25],
			"rotation": {"angle": 22.5, "axis": "y", "origin": [8, 0.01, 6.25]},
			"faces": {
				"north": {"uv": [1, 14, 2, 15], "texture": "#0"},
				"east": {"uv": [3, 12.5, 5, 13.5], "texture": "#0"},
				"south": {"uv": [14, 1, 15, 2], "texture": "#0"},
				"west": {"uv": [5, 12.5, 7, 13.5], "texture": "#0"},
				"up": {"uv": [11.5, 14, 10.5, 12], "texture": "#0"},
				"down": {"uv": [8, 12.5, 7, 14.5], "texture": "#0"}
			}
		}
	],
	"display": {
		"thirdperson_righthand": {
			"rotation": [24, 13, 0],
			"translation": [0, 1.25, -0.5],
			"scale": [0.6, 0.6, 0.6]
		},
		"thirdperson_lefthand": {
			"rotation": [24, 13, 0],
			"translation": [0, 0.75, -0.5],
			"scale": [0.6, 0.6, 0.6]
		},
		"firstperson_righthand": {
			"rotation": [0, 109, 5],
			"translation": [3, 5.25, 0],
			"scale": [0.71, 0.71, 0.71]
		},
		"firstperson_lefthand": {
			"rotation": [0, 109, 5],
			"translation": [3, 5.25, 0],
			"scale": [0.71, 0.71, 0.71]
		},
		"ground": {
			"translation": [0, 3.5, 0],
			"scale": [0.65, 0.65, 0.65]
		},
		"gui": {
			"rotation": [25, 151, 0],
			"translation": [0, 0.5, 0],
			"scale": [0.73, 0.73, 0.73]
		},
		"head": {
			"translation": [0, 14.4, 0]
		},
		"fixed": {
			"rotation": [-90, 0, 0],
			"translation": [0, 0, -13.5],
			"scale": [1.7, 1.7, 1.7]
		}
	},
	"groups": [
		{
			"name": "nm_plushie_teddy_pink",
			"origin": [8, 8, 8],
			"color": 0,
			"children": [
				0,
				1,
				{
					"name": "group",
					"origin": [8, 7.5, 8.25],
					"color": 0,
					"children": [2, 3, 4, 5]
				},
				{
					"name": "group",
					"origin": [8, 0.01, 6.25],
					"color": 0,
					"children": [
						6,
						7,
						{
							"name": "group",
							"origin": [2.69325, 1.97297, 9.25],
							"color": 0,
							"children": [8, 9]
						},
						10,
						11
					]
				}
			]
		}
	]
}