{
	"credit": "Made with Blockbench",
	"texture_size": [32, 32],
	"textures": {
		"2": "edoplushies:plushies/edofishing/dolphin_plushie_texture"
	},
	"elements": [
		{
			"from": [5, 0, 5],
			"to": [11, 5, 11],
			"rotation": {"angle": 0, "axis": "y", "origin": [7, -1, 8]},
			"faces": {
				"north": {"uv": [3, 3, 6, 5.5], "texture": "#2"},
				"east": {"uv": [0, 3, 3, 5.5], "texture": "#2"},
				"south": {"uv": [9, 3, 12, 5.5], "texture": "#2"},
				"west": {"uv": [6, 3, 9, 5.5], "texture": "#2"},
				"up": {"uv": [6, 3, 3, 0], "texture": "#2"},
				"down": {"uv": [9, 0, 6, 3], "texture": "#2"}
			}
		},
		{
			"from": [7.5, 5, 7],
			"to": [8.5, 7, 9],
			"rotation": {"angle": 22.5, "axis": "x", "origin": [9, 5, 7]},
			"faces": {
				"north": {"uv": [1, 1, 1.5, 2], "texture": "#2"},
				"east": {"uv": [0, 1, 1, 2], "texture": "#2"},
				"south": {"uv": [2.5, 1, 3, 2], "texture": "#2"},
				"west": {"uv": [1.5, 1, 2.5, 2], "texture": "#2"},
				"up": {"uv": [1.5, 1, 1, 0], "texture": "#2"},
				"down": {"uv": [2, 0, 1.5, 1], "texture": "#2"}
			}
		},
		{
			"from": [7, 1, 3],
			"to": [9, 3, 5],
			"rotation": {"angle": 0, "axis": "y", "origin": [7, -1, 8]},
			"faces": {
				"north": {"uv": [6, 8.5, 7, 9.5], "texture": "#2"},
				"east": {"uv": [5, 8.5, 6, 9.5], "texture": "#2"},
				"south": {"uv": [8, 8.5, 9, 9.5], "texture": "#2"},
				"west": {"uv": [7, 8.5, 8, 9.5], "texture": "#2"},
				"up": {"uv": [7, 8.5, 6, 7.5], "texture": "#2"},
				"down": {"uv": [8, 7.5, 7, 8.5], "texture": "#2"}
			}
		},
		{
			"from": [7, 2.5, 11],
			"to": [9, 4.5, 14],
			"rotation": {"angle": 0, "axis": "y", "origin": [8, 2.5, 11]},
			"faces": {
				"north": {"uv": [1.5, 9, 2.5, 10], "texture": "#2"},
				"east": {"uv": [0, 9, 1.5, 10], "texture": "#2"},
				"south": {"uv": [4, 9, 5, 10], "texture": "#2"},
				"west": {"uv": [2.5, 9, 4, 10], "texture": "#2"},
				"up": {"uv": [2.5, 9, 1.5, 7.5], "texture": "#2"},
				"down": {"uv": [3.5, 7.5, 2.5, 9], "texture": "#2"}
			}
		},
		{
			"from": [5, 3.5, 12],
			"to": [11, 4.5, 15],
			"rotation": {"angle": 0, "axis": "y", "origin": [8, 2.5, 11]},
			"faces": {
				"north": {"uv": [1.5, 7, 4.5, 7.5], "texture": "#2"},
				"east": {"uv": [0, 7, 1.5, 7.5], "texture": "#2"},
				"south": {"uv": [6, 7, 9, 7.5], "texture": "#2"},
				"west": {"uv": [4.5, 7, 6, 7.5], "texture": "#2"},
				"up": {"uv": [4.5, 7, 1.5, 5.5], "texture": "#2"},
				"down": {"uv": [7.5, 5.5, 4.5, 7], "texture": "#2"}
			}
		},
		{
			"from": [4, 0, 7],
			"to": [5, 2, 9],
			"rotation": {"angle": 0, "axis": "y", "origin": [5, 1, 8]},
			"faces": {
				"north": {"uv": [9, 9.5, 9.5, 10.5], "texture": "#2"},
				"east": {"uv": [8, 9.5, 9, 10.5], "texture": "#2"},
				"south": {"uv": [10.5, 9.5, 11, 10.5], "texture": "#2"},
				"west": {"uv": [9.5, 9.5, 10.5, 10.5], "texture": "#2"},
				"up": {"uv": [9.5, 9.5, 9, 8.5], "texture": "#2"},
				"down": {"uv": [10, 8.5, 9.5, 9.5], "texture": "#2"}
			}
		},
		{
			"from": [11, 0, 7],
			"to": [12, 2, 9],
			"rotation": {"angle": 0, "axis": "y", "origin": [11, 1, 8]},
			"faces": {
				"north": {"uv": [9, 7.5, 9.5, 8.5], "texture": "#2"},
				"east": {"uv": [8, 7.5, 9, 8.5], "texture": "#2"},
				"south": {"uv": [10.5, 7.5, 11, 8.5], "texture": "#2"},
				"west": {"uv": [9.5, 7.5, 10.5, 8.5], "texture": "#2"},
				"up": {"uv": [9.5, 7.5, 9, 6.5], "texture": "#2"},
				"down": {"uv": [10, 6.5, 9.5, 7.5], "texture": "#2"}
			}
		}
	],
	"display": {
		"thirdperson_righthand": {
			"rotation": [24, 13, 0],
			"translation": [0, 3, 0],
			"scale": [0.75, 0.75, 0.75]
		},
		"thirdperson_lefthand": {
			"rotation": [24, 13, 0],
			"translation": [0, 3, 0],
			"scale": [0.75, 0.75, 0.75]
		},
		"firstperson_righthand": {
			"rotation": [0, 109, 5],
			"translation": [3.25, 9.25, 0]
		},
		"firstperson_lefthand": {
			"rotation": [0, 109, 5],
			"translation": [3.25, 9.25, 0]
		},
		"ground": {
			"translation": [0, 4.5, 0]
		},
		"gui": {
			"rotation": [25, 151, 0],
			"translation": [0.25, 4, 0]
		},
		"head": {
			"translation": [0, 14.4, 0]
		},
		"fixed": {
			"rotation": [-90, 0, 0],
			"translation": [0, 0, -13.5],
			"scale": [1.7, 1.7, 1.7]
		}
	},
	"groups": [
		{
			"name": "main",
			"origin": [8, 2.5, 8],
			"color": 0,
			"children": [
				{
					"name": "body",
					"origin": [8, 0.5, 9.5],
					"color": 0,
					"children": [
						0,
						1,
						2,
						{
							"name": "tail",
							"origin": [8, 3.5, 11],
							"color": 0,
							"children": [3, 4]
						},
						{
							"name": "left_fin",
							"origin": [5, 2, 8],
							"color": 0,
							"children": [5]
						},
						{
							"name": "right_fin",
							"origin": [11, 2, 8],
							"color": 0,
							"children": [6]
						}
					]
				}
			]
		}
	]
}