{
	"texture_size": [32, 32],
	"textures": {
		"1": "edoplushies:plushies/edofishing/manta_ray_plushie_texture"
	},
	"elements": [
		{
			"from": [5, 0, 5],
			"to": [11, 5, 11],
			"rotation": {"angle": 0, "axis": "y", "origin": [7, -1, 8]},
			"faces": {
				"north": {"uv": [3, 3, 6, 5.5], "texture": "#1"},
				"east": {"uv": [0, 3, 3, 5.5], "texture": "#1"},
				"south": {"uv": [9, 3, 12, 5.5], "texture": "#1"},
				"west": {"uv": [6, 3, 9, 5.5], "texture": "#1"},
				"up": {"uv": [6, 3, 3, 0], "texture": "#1"},
				"down": {"uv": [9, 0, 6, 3], "texture": "#1"}
			}
		},
		{
			"from": [7.5, 5, 9],
			"to": [8.5, 7, 11],
			"rotation": {"angle": 0, "axis": "y", "origin": [7, -1, 8]},
			"faces": {
				"north": {"uv": [1, 2, 1.5, 3], "texture": "#1"},
				"east": {"uv": [0, 2, 1, 3], "texture": "#1"},
				"south": {"uv": [2.5, 2, 3, 3], "texture": "#1"},
				"west": {"uv": [1.5, 2, 2.5, 3], "texture": "#1"},
				"up": {"uv": [1.5, 2, 1, 1], "texture": "#1"},
				"down": {"uv": [1.5, 1, 1, 2], "texture": "#1"}
			}
		},
		{
			"from": [7.5, 3, 11],
			"to": [8.5, 4, 15],
			"rotation": {"angle": 0, "axis": "y", "origin": [8, 2, 11]},
			"faces": {
				"north": {"uv": [2, 9.5, 2.5, 10], "texture": "#1"},
				"east": {"uv": [0, 9.5, 2, 10], "texture": "#1"},
				"south": {"uv": [4.5, 9.5, 5, 10], "texture": "#1"},
				"west": {"uv": [2.5, 9.5, 4.5, 10], "texture": "#1"},
				"up": {"uv": [2.5, 9.5, 2, 7.5], "texture": "#1"},
				"down": {"uv": [3, 7.5, 2.5, 9.5], "texture": "#1"}
			}
		},
		{
			"from": [1, 3, 6],
			"to": [5, 4, 9],
			"rotation": {"angle": 0, "axis": "z", "origin": [5, 3, 8]},
			"faces": {
				"north": {"uv": [1.5, 7, 3.5, 7.5], "texture": "#1"},
				"east": {"uv": [0, 7, 1.5, 7.5], "texture": "#1"},
				"south": {"uv": [5, 7, 7, 7.5], "texture": "#1"},
				"west": {"uv": [3.5, 7, 5, 7.5], "texture": "#1"},
				"up": {"uv": [3.5, 7, 1.5, 5.5], "texture": "#1"},
				"down": {"uv": [5.5, 5.5, 3.5, 7], "texture": "#1"}
			}
		},
		{
			"from": [3, 4, 9],
			"to": [5, 4, 10],
			"rotation": {"angle": 0, "axis": "y", "origin": [5, 3, 8]},
			"faces": {
				"north": {"uv": [0.5, 0, 1.5, 0.5], "texture": "#1"},
				"east": {"uv": [0.5, 0, 1.5, 0.5], "texture": "#1"},
				"south": {"uv": [0.5, 0, 1.5, 0.5], "texture": "#1"},
				"west": {"uv": [0.5, 0, 1.5, 0.5], "texture": "#1"},
				"up": {"uv": [1.5, 0.5, 0.5, 0], "texture": "#1"},
				"down": {"uv": [1.5, 0, 0.5, 0.5], "texture": "#1"}
			}
		},
		{
			"from": [11, 3, 6],
			"to": [15, 4, 9],
			"rotation": {"angle": 0, "axis": "y", "origin": [11, 3, 8]},
			"faces": {
				"north": {"uv": [3.5, 7, 1.5, 7.5], "texture": "#1"},
				"east": {"uv": [5, 7, 3.5, 7.5], "texture": "#1"},
				"south": {"uv": [7, 7, 5, 7.5], "texture": "#1"},
				"west": {"uv": [1.5, 7, 0, 7.5], "texture": "#1"},
				"up": {"uv": [1.5, 7, 3.5, 5.5], "texture": "#1"},
				"down": {"uv": [3.5, 5.5, 5.5, 7], "texture": "#1"}
			}
		},
		{
			"from": [11, 4, 9],
			"to": [13, 4, 10],
			"rotation": {"angle": 0, "axis": "y", "origin": [11, 3, 8]},
			"faces": {
				"north": {"uv": [0.5, 0, 1.5, 0], "texture": "#1"},
				"east": {"uv": [0.5, 0, 1.5, 0], "texture": "#1"},
				"south": {"uv": [0.5, 0, 1.5, 0], "texture": "#1"},
				"west": {"uv": [0.5, 0, 1.5, 0], "texture": "#1"},
				"up": {"uv": [0.5, 0.5, 1.5, 0], "texture": "#1"},
				"down": {"uv": [0.5, 0, 1.5, 0.5], "texture": "#1"}
			}
		},
		{
			"from": [9, 0, 3],
			"to": [11, 2, 5],
			"rotation": {"angle": 0, "axis": "y", "origin": [8, 0, 4]},
			"faces": {
				"north": {"uv": [7, 7.5, 8, 8.5], "texture": "#1"},
				"east": {"uv": [6, 7.5, 7, 8.5], "texture": "#1"},
				"south": {"uv": [9, 7.5, 10, 8.5], "texture": "#1"},
				"west": {"uv": [8, 7.5, 9, 8.5], "texture": "#1"},
				"up": {"uv": [8, 7.5, 7, 6.5], "texture": "#1"},
				"down": {"uv": [9, 6.5, 8, 7.5], "texture": "#1"}
			}
		},
		{
			"from": [5, 0, 3],
			"to": [7, 2, 5],
			"rotation": {"angle": 0, "axis": "y", "origin": [8, 0, 4]},
			"faces": {
				"north": {"uv": [8, 7.5, 7, 8.5], "texture": "#1"},
				"east": {"uv": [9, 7.5, 8, 8.5], "texture": "#1"},
				"south": {"uv": [10, 7.5, 9, 8.5], "texture": "#1"},
				"west": {"uv": [7, 7.5, 6, 8.5], "texture": "#1"},
				"up": {"uv": [7, 7.5, 8, 6.5], "texture": "#1"},
				"down": {"uv": [8, 6.5, 9, 7.5], "texture": "#1"}
			}
		}
	],
	"display": {
		"thirdperson_righthand": {
			"rotation": [24, 13, 0],
			"translation": [0, 3, 0],
			"scale": [0.75, 0.75, 0.75]
		},
		"thirdperson_lefthand": {
			"rotation": [24, 13, 0],
			"translation": [0, 3, 0],
			"scale": [0.75, 0.75, 0.75]
		},
		"firstperson_righthand": {
			"rotation": [0, 109, 5],
			"translation": [3.25, 9.25, 0]
		},
		"firstperson_lefthand": {
			"rotation": [0, 109, 5],
			"translation": [3.25, 9.25, 0]
		},
		"ground": {
			"translation": [0, 4.5, 0],
			"scale": [0.9, 0.9, 0.9]
		},
		"gui": {
			"rotation": [25, 151, 0],
			"translation": [0.25, 4, 0],
			"scale": [0.9, 0.9, 0.9]
		},
		"head": {
			"translation": [0, 14.4, 0]
		},
		"fixed": {
			"rotation": [-90, 0, 0],
			"translation": [0, 0, -13.5],
			"scale": [1.7, 1.7, 1.7]
		}
	},
	"groups": [
		{
			"name": "main",
			"origin": [8, 2.5, 8],
			"color": 0,
			"children": [
				{
					"name": "body",
					"origin": [8, 0.5, 9.5],
					"color": 0,
					"children": [
						0,
						1,
						{
							"name": "tail",
							"origin": [8, 3.5, 11],
							"color": 0,
							"children": [2]
						},
						{
							"name": "left_fin",
							"origin": [5, 4, 8],
							"color": 0,
							"children": [3, 4]
						},
						{
							"name": "right_fin",
							"origin": [11, 4, 8],
							"color": 0,
							"children": [5, 6]
						},
						{
							"name": "right_fin_2",
							"origin": [10, 1, 5],
							"color": 0,
							"children": [7]
						},
						{
							"name": "left_fin_2",
							"origin": [6, 1, 5],
							"color": 0,
							"children": [8]
						}
					]
				}
			]
		}
	]
}