{
	"texture_size": [32, 32],
	"textures": {
		"2": "edoplushies:plushies/edofishing/harp_seal_plushie_texture"
	},
	"elements": [
		{
			"from": [5, 0, 5],
			"to": [11, 5, 11],
			"rotation": {"angle": 0, "axis": "y", "origin": [7, -1, 8]},
			"faces": {
				"north": {"uv": [3, 3, 6, 5.5], "texture": "#2"},
				"east": {"uv": [0, 3, 3, 5.5], "texture": "#2"},
				"south": {"uv": [9, 3, 12, 5.5], "texture": "#2"},
				"west": {"uv": [6, 3, 9, 5.5], "texture": "#2"},
				"up": {"uv": [6, 3, 3, 0], "texture": "#2"},
				"down": {"uv": [9, 0, 6, 3], "texture": "#2"}
			}
		},
		{
			"from": [6, 0, 4],
			"to": [10, 2, 5],
			"rotation": {"angle": 0, "axis": "y", "origin": [7, -1, 8]},
			"faces": {
				"north": {"uv": [0.5, 6, 2.5, 7], "texture": "#2"},
				"east": {"uv": [0, 6, 0.5, 7], "texture": "#2"},
				"south": {"uv": [3, 6, 5, 7], "texture": "#2"},
				"west": {"uv": [2.5, 6, 3, 7], "texture": "#2"},
				"up": {"uv": [2.5, 6, 0.5, 5.5], "texture": "#2"},
				"down": {"uv": [4.5, 5.5, 2.5, 6], "texture": "#2"}
			}
		},
		{
			"from": [7.9, 0, 10.6],
			"to": [8.9, 3, 12.6],
			"rotation": {"angle": 22.5, "axis": "y", "origin": [8.9, 0.5, 10.6]},
			"faces": {
				"north": {"uv": [5, 1.5, 5.5, 3], "texture": "#2"},
				"east": {"uv": [0, 1, 1, 2.5], "texture": "#2"},
				"south": {"uv": [0, 1, 0.5, 2.5], "texture": "#2"},
				"west": {"uv": [1.5, 1, 2.5, 2.5], "texture": "#2"},
				"up": {"uv": [1.5, 1, 1, 0], "texture": "#2"},
				"down": {"uv": [1.5, 0, 2, 1], "texture": "#2"}
			}
		},
		{
			"from": [7.1, 0, 10.6],
			"to": [8.1, 3, 12.6],
			"rotation": {"angle": -22.5, "axis": "y", "origin": [7.1, 0.5, 10.6]},
			"faces": {
				"north": {"uv": [1, 1, 1.5, 2.5], "texture": "#2"},
				"east": {"uv": [0, 1, 1, 2.5], "texture": "#2"},
				"south": {"uv": [2.5, 1, 3, 2.5], "texture": "#2"},
				"west": {"uv": [1.5, 1, 2.5, 2.5], "texture": "#2"},
				"up": {"uv": [1.5, 1, 1, 0], "texture": "#2"},
				"down": {"uv": [2, 0, 1.5, 1], "texture": "#2"}
			}
		},
		{
			"from": [3, 0, 7],
			"to": [5, 1, 9],
			"rotation": {"angle": 0, "axis": "z", "origin": [5, 0.5, 8]},
			"faces": {
				"north": {"uv": [6, 6.5, 6.5, 7.5], "rotation": 270, "texture": "#2"},
				"east": {"uv": [6.5, 6.5, 6, 5.5], "rotation": 90, "texture": "#2"},
				"south": {"uv": [7.5, 6.5, 8, 7.5], "rotation": 90, "texture": "#2"},
				"west": {"uv": [7, 5.5, 6.5, 6.5], "rotation": 90, "texture": "#2"},
				"up": {"uv": [6.5, 6.5, 7.5, 7.5], "rotation": 90, "texture": "#2"},
				"down": {"uv": [5, 6.5, 6, 7.5], "rotation": 90, "texture": "#2"}
			}
		},
		{
			"from": [11, 0, 7],
			"to": [13, 1, 9],
			"rotation": {"angle": 0, "axis": "z", "origin": [11, 0.5, 8]},
			"faces": {
				"north": {"uv": [9, 6.5, 9.5, 7.5], "rotation": 90, "texture": "#2"},
				"east": {"uv": [10, 5.5, 9.5, 6.5], "rotation": 270, "texture": "#2"},
				"south": {"uv": [10.5, 6.5, 11, 7.5], "rotation": 270, "texture": "#2"},
				"west": {"uv": [9.5, 6.5, 9, 5.5], "rotation": 270, "texture": "#2"},
				"up": {"uv": [8, 6.5, 9, 7.5], "rotation": 270, "texture": "#2"},
				"down": {"uv": [9.5, 6.5, 10.5, 7.5], "rotation": 270, "texture": "#2"}
			}
		}
	],
	"display": {
		"thirdperson_righthand": {
			"rotation": [24, 13, 0],
			"translation": [0, 3, 0],
			"scale": [0.75, 0.75, 0.75]
		},
		"thirdperson_lefthand": {
			"rotation": [24, 13, 0],
			"translation": [0, 3, 0],
			"scale": [0.75, 0.75, 0.75]
		},
		"firstperson_righthand": {
			"rotation": [0, 109, 5],
			"translation": [3.25, 9.25, 0]
		},
		"firstperson_lefthand": {
			"rotation": [0, 109, 5],
			"translation": [3.25, 9.25, 0]
		},
		"ground": {
			"translation": [0, 4.5, 0]
		},
		"gui": {
			"rotation": [25, 151, 0],
			"translation": [0.25, 4, 0]
		},
		"head": {
			"translation": [0, 14.4, 0]
		},
		"fixed": {
			"rotation": [-90, 0, 0],
			"translation": [0, 0, -13.5],
			"scale": [1.7, 1.7, 1.7]
		}
	},
	"groups": [
		{
			"name": "main",
			"origin": [8, 2.5, 8],
			"color": 0,
			"children": [
				{
					"name": "body",
					"origin": [8, 0.5, 9.5],
					"color": 0,
					"children": [
						0,
						1,
						{
							"name": "right_flipper",
							"origin": [8, 1, 11],
							"color": 0,
							"children": [2]
						},
						{
							"name": "left_flipper",
							"origin": [8, 1, 11],
							"color": 0,
							"children": [3]
						},
						{
							"name": "left_fin",
							"origin": [5, 1.5, 8],
							"color": 0,
							"children": [4]
						},
						{
							"name": "right_fin",
							"origin": [11, 1.5, 8],
							"color": 0,
							"children": [5]
						}
					]
				}
			]
		}
	]
}