{
	"music_disc.all_i_want_for_christmas_is_you": {
		"sounds": [
			{
				"name": "edorasrecords:records/all_i_want_for_christmas_is_you",
				"stream": true
			}
		]
	},
	"music_disc.bring_me_to_life": {
		"sounds": [
			{
				"name": "edorasrecords:records/bring_me_to_life",
				"stream": true
			}
		]
	},
	"music_disc.children_of_the_sky": {
		"sounds": [
			{
				"name": "edorasrecords:records/children_of_the_sky",
                "stream": true
			}
		]
	},
	"music_disc.dream_on": {
		"sounds": [
			{
				"name": "edorasrecords:records/dream_on",
                "stream": true
			}
		]
	},
	"music_disc.fast_car": {
		"sounds": [
			{
				"name": "edorasrecords:records/fast_car",
                "stream": true
			}
		]
	},
	"music_disc.golden_hour": {
		"sounds": [
			{
				"name": "edorasrecords:records/golden_hour",
                "stream": true
			}
		]
	},
	"music_disc.hijo_de_la_luna": {
		"sounds": [
			{
				"name": "edorasrecords:records/hijo_de_la_luna",
                "stream": true
			}
		]
	},
	"music_disc.hit_the_road_jack": {
		"sounds": [
			{
				"name": "edorasrecords:records/hit_the_road_jack",
                "stream": true
			}
		]
	},
	"music_disc.houdini": {
		"sounds": [
			{
				"name": "edorasrecords:records/houdini",
                "stream": true
			}
		]
	},
	"music_disc.i_will_survive": {
		"sounds": [
			{
				"name": "edorasrecords:records/i_will_survive",
                "stream": true
			}
		]
	},
	"music_disc.las_avispas": {
		"sounds": [
			{
				"name": "edorasrecords:records/las_avispas",
                "stream": true
			}
		]
	},
	"music_disc.locked_out_of_heaven": {
		"sounds": [
			{
				"name": "edorasrecords:records/locked_out_of_heaven",
                "stream": true
			}
		]
	},
	"music_disc.mambo_no_5": {
		"sounds": [
			{
				"name": "edorasrecords:records/mambo_no_5",
                "stream": true
			}
		]
	},
	"music_disc.never_gonna_give_you_up": {
		"sounds": [
			{
				"name": "edorasrecords:records/never_gonna_give_you_up",
                "stream": true
			}
		]
	},
	"music_disc.para_no_verte_mas": {
		"sounds": [
			{
				"name": "edorasrecords:records/para_no_verte_mas",
                "stream": true
			}
		]
	},
	"music_disc.salome": {
		"sounds": [
			{
				"name": "edorasrecords:records/salome",
                "stream": true
			}
		]
	},
	"music_disc.warriors": {
		"sounds": [
			{
				"name": "edorasrecords:records/warriors",
                "stream": true
			}
		]
	},
	"music_disc.gestor": {
        "sounds": [
            {
                "name": "edorasrecords:records/gestor",
                "stream": true
            }
        ]
    },
    "music_disc.muerdeme_danpiro": {
        "sounds": [
            {
                "name": "edorasrecords:records/muerdeme_danpiro",
                "stream": true
            }
        ]
    },
    "music_disc.tolvas_2_0": {
        "sounds": [
            {
                "name": "edorasrecords:records/tolvas_2_0",
                "stream": true
            }
        ]
    },
    "music_disc.demasiado_gili": {
        "sounds": [
            {
                "name": "edorasrecords:records/demasiado_gili",
                "stream": true
            }
        ]
    },
	"music_disc.brujeria": {
        "sounds": [
            {
                "name": "edorasrecords:records/brujeria",
                "stream": true
            }
        ]
    },
	"music_disc.extremaydura": {
        "sounds": [
            {
                "name": "edorasrecords:records/extremaydura",
                "stream": true
            }
        ]
    },
	"music_disc.carnaval_edochas": {
        "sounds": [
            {
                "name": "edorasrecords:records/carnaval_edochas",
                "stream": true
            }
        ]
    }
}