{
	"credit": "Made with Blockbench",
	"texture_size": [32, 32],
	"textures": {
		"0": "edohats:hats/edoxmas/edonel_lime_hat_texture"
	},
	"elements": [
		{
			"name": "base",
			"from": [3, 0, 3],
			"to": [13, 3, 13],
			"rotation": {"angle": 0, "axis": "y", "origin": [3, 0, 3]},
			"faces": {
				"north": {"uv": [0, 9.5, 5, 11], "texture": "#0"},
				"east": {"uv": [0, 9.5, 5, 11], "texture": "#0"},
				"south": {"uv": [0, 9.5, 5, 11], "texture": "#0"},
				"west": {"uv": [0, 9.5, 5, 11], "texture": "#0"},
				"up": {"uv": [5, 16, 0, 11], "texture": "#0"},
				"down": {"uv": [10, 11, 5, 16], "texture": "#0"}
			}
		},
		{
			"name": "cubo_1",
			"from": [4, 2.75, 4],
			"to": [12, 8.75, 11],
			"rotation": {"angle": 22.5, "axis": "x", "origin": [4, 2.75, 4]},
			"faces": {
				"north": {"uv": [0, 6, 4, 9], "texture": "#0"},
				"east": {"uv": [4, 6, 7.5, 9], "texture": "#0"},
				"south": {"uv": [0, 6, 4, 9], "texture": "#0"},
				"west": {"uv": [4, 6, 7.5, 9], "texture": "#0"},
				"up": {"uv": [8, 6, 12, 9.5], "texture": "#0"},
				"down": {"uv": [12, 9.5, 16, 6], "texture": "#0"}
			}
		},
		{
			"name": "cubo_2",
			"from": [5.5, 3.45, 6.5],
			"to": [10.5, 8.45, 13.5],
			"rotation": {"angle": -22.5, "axis": "x", "origin": [5.5, 7.95, 6.8]},
			"faces": {
				"north": {"uv": [9, 2, 11.5, 4.5], "rotation": 180, "texture": "#0"},
				"east": {"uv": [5.5, 2, 3, 5.5], "rotation": 270, "texture": "#0"},
				"south": {"uv": [9, 2, 11.5, 4.5], "texture": "#0"},
				"west": {"uv": [3, 2, 5.5, 5.5], "rotation": 90, "texture": "#0"},
				"up": {"uv": [0, 2, 2.5, 5.5], "rotation": 180, "texture": "#0"},
				"down": {"uv": [6, 2, 8.5, 5.5], "texture": "#0"}
			}
		},
		{
			"name": "cubo_3",
			"from": [7, 4.1, 12.75],
			"to": [9, 11.1, 15.75],
			"rotation": {"angle": -22.5, "axis": "x", "origin": [7, 11, 15.75]},
			"faces": {
				"north": {"uv": [0, 0, 1, 3.5], "rotation": 180, "texture": "#0"},
				"east": {"uv": [12, 12.5, 15.5, 14], "rotation": 270, "texture": "#0"},
				"south": {"uv": [11.5, 16, 10.5, 12.5], "rotation": 180, "texture": "#0"},
				"west": {"uv": [15.5, 16, 12, 14.5], "rotation": 270, "texture": "#0"},
				"up": {"uv": [12, 12, 13, 10.5], "texture": "#0"},
				"down": {"uv": [10.5, 12, 11.5, 10.5], "texture": "#0"}
			}
		},
		{
			"name": "pompon",
			"from": [6.5, 2.1, 15.1],
			"to": [9.5, 5.1, 18.1],
			"rotation": {"angle": -22.5, "axis": "x", "origin": [6.5, 2, 15]},
			"faces": {
				"north": {"uv": [12.5, 3, 14, 4.5], "texture": "#0"},
				"east": {"uv": [12.5, 3, 14, 4.5], "texture": "#0"},
				"south": {"uv": [12.5, 3, 14, 4.5], "texture": "#0"},
				"west": {"uv": [12.5, 3, 14, 4.5], "texture": "#0"},
				"up": {"uv": [12.5, 3, 14, 4.5], "texture": "#0"},
				"down": {"uv": [12.5, 3, 14, 4.5], "texture": "#0"}
			}
		},
		{
			"from": [6.4, -3.65, 16.95],
			"to": [9.6, -0.45, 20.15],
			"rotation": {"angle": -22.5, "axis": "x", "origin": [-0.25, -5.75, 1.75]},
			"faces": {
				"north": {"uv": [11.95, 0.955, 13.55, 2.555], "texture": "#0"},
				"east": {"uv": [11.95, 0.955, 13.55, 2.555], "texture": "#0"},
				"south": {"uv": [11.95, 0.955, 13.55, 2.555], "texture": "#0"},
				"west": {"uv": [11.95, 0.955, 13.55, 2.555], "texture": "#0"},
				"up": {"uv": [11.95, 0.955, 13.55, 2.555], "texture": "#0"},
				"down": {"uv": [11.95, 0.955, 13.55, 2.555], "texture": "#0"}
			}
		}
	],
	"display": {
		"thirdperson_righthand": {
			"rotation": [-146.42, 42.21, -179.25],
			"translation": [0, 2.5, 0],
			"scale": [0.5, 0.5, 0.5]
		},
		"thirdperson_lefthand": {
			"rotation": [-146.42, 42.21, -179.25],
			"translation": [0, 2.5, 0],
			"scale": [0.5, 0.5, 0.5]
		},
		"firstperson_righthand": {
			"rotation": [-45.16, 60.72, 43.52],
			"translation": [-2.75, 3, 1.25],
			"scale": [0.4, 0.4, 0.4]
		},
		"firstperson_lefthand": {
			"rotation": [-45.16, 60.72, 43.52],
			"translation": [-2.75, 3, 1.25],
			"scale": [0.4, 0.4, 0.4]
		},
		"ground": {
			"translation": [0, 3, 0],
			"scale": [0.5, 0.5, 0.5]
		},
		"gui": {
			"rotation": [30, -135, 0],
			"translation": [0, 2, 0],
			"scale": [0.75, 0.75, 0.75]
		},
		"head": {
			"rotation": [15, 0, 0],
			"translation": [0, 14.25, 3.25],
			"scale": [1.66, 1.66, 1.66]
		},
		"fixed": {
			"rotation": [0, 90, 0],
			"translation": [-1.75, 2.25, 0],
			"scale": [0.75, 0.75, 0.75]
		}
	}
}