{
	"credit": "Made with Blockbench",
	"texture_size": [32, 32],
	"textures": {
		"0": "edohats:hats/edoxmas/elf_hat_texture",
		"particle": "edohats:hats/edoxmas/elf_hat_texture"
	},
	"elements": [
		{
			"name": "base",
			"from": [3, 0, 3],
			"to": [13, 3, 13],
			"rotation": {"angle": 0, "axis": "y", "origin": [3, 0, 3]},
			"faces": {
				"north": {"uv": [0, 9.5, 5, 11], "texture": "#0"},
				"east": {"uv": [0, 9.5, 5, 11], "texture": "#0"},
				"south": {"uv": [0, 9.5, 5, 11], "texture": "#0"},
				"west": {"uv": [0, 9.5, 5, 11], "texture": "#0"},
				"up": {"uv": [0, 11, 5, 16], "texture": "#0"},
				"down": {"uv": [5, 11, 10, 16], "texture": "#0"}
			}
		},
		{
			"name": "cabeza",
			"from": [4, 3, 4],
			"to": [12, 8, 15],
			"rotation": {"angle": 22.5, "axis": "x", "origin": [4, 3, 4]},
			"faces": {
				"north": {"uv": [4.5, 0, 8.5, 2.5], "texture": "#0"},
				"east": {"uv": [9, 0, 14.5, 2.5], "texture": "#0"},
				"south": {"uv": [4.5, 3, 8.5, 5.5], "texture": "#0"},
				"west": {"uv": [9, 0, 14.5, 2.5], "texture": "#0"},
				"up": {"uv": [0, 0, 4, 5.5], "texture": "#0"},
				"down": {"uv": [0, 0, 4, 5.5], "texture": "#0"}
			}
		},
		{
			"name": "aletita_frontal_1",
			"from": [9, 3, 3],
			"to": [12, 7, 3],
			"rotation": {"angle": 22.5, "axis": "x", "origin": [9, 3, 3]},
			"faces": {
				"north": {"uv": [10.5, 14, 12, 16], "texture": "#0"},
				"east": {"uv": [10.5, 14, 12, 16], "texture": "#0"},
				"south": {"uv": [10.5, 14, 12, 16], "texture": "#0"},
				"west": {"uv": [10.5, 14, 12, 16], "texture": "#0"},
				"up": {"uv": [10.5, 14, 12, 16], "texture": "#0"},
				"down": {"uv": [10.5, 14, 12, 16], "texture": "#0"}
			}
		},
		{
			"name": "aletita_frontal_2",
			"from": [4, 3, 3],
			"to": [7, 7, 3],
			"rotation": {"angle": 22.5, "axis": "x", "origin": [4, 3, 3]},
			"faces": {
				"north": {"uv": [10.5, 14, 12, 16], "texture": "#0"},
				"east": {"uv": [10.5, 14, 12, 16], "texture": "#0"},
				"south": {"uv": [10.5, 14, 12, 16], "texture": "#0"},
				"west": {"uv": [10.5, 14, 12, 16], "texture": "#0"},
				"up": {"uv": [10.5, 14, 12, 16], "texture": "#0"},
				"down": {"uv": [10.5, 14, 12, 16], "texture": "#0"}
			}
		},
		{
			"name": "aletita_izq_1",
			"from": [12.9, 3, 4],
			"to": [12.9, 7, 7],
			"rotation": {"angle": 22.5, "axis": "x", "origin": [12.9, 3, 4]},
			"faces": {
				"north": {"uv": [10.5, 14, 11.5, 15], "texture": "#0"},
				"east": {"uv": [10.5, 14, 12, 16], "texture": "#0"},
				"south": {"uv": [10.5, 14, 12, 16], "texture": "#0"},
				"west": {"uv": [10.5, 14, 12, 16], "texture": "#0"},
				"up": {"uv": [12, 14, 10.5, 16], "texture": "#0"},
				"down": {"uv": [10.5, 14, 12, 16], "texture": "#0"}
			}
		},
		{
			"name": "aletita_izq_2",
			"from": [12.9, 3, 9],
			"to": [12.9, 7, 12],
			"rotation": {"angle": 22.5, "axis": "x", "origin": [12.9, 3, 9]},
			"faces": {
				"north": {"uv": [10.5, 14, 11.5, 15], "texture": "#0"},
				"east": {"uv": [10.5, 14, 12, 16], "texture": "#0"},
				"south": {"uv": [10.5, 14, 12, 16], "texture": "#0"},
				"west": {"uv": [10.5, 14, 12, 16], "texture": "#0"},
				"up": {"uv": [10.5, 14, 12, 16], "texture": "#0"},
				"down": {"uv": [10.5, 14, 12, 16], "texture": "#0"}
			}
		},
		{
			"name": "aletita_der_1",
			"from": [3.1, 3, 4],
			"to": [3.1, 7, 7],
			"rotation": {"angle": 22.5, "axis": "x", "origin": [3.1, 3, 4]},
			"faces": {
				"north": {"uv": [10.5, 14, 12, 16], "texture": "#0"},
				"east": {"uv": [10.5, 14, 12, 16], "texture": "#0"},
				"south": {"uv": [10.5, 14, 12, 16], "texture": "#0"},
				"west": {"uv": [10.5, 14, 12, 16], "texture": "#0"},
				"up": {"uv": [10.5, 14, 12, 16], "texture": "#0"},
				"down": {"uv": [10.5, 14, 12, 16], "texture": "#0"}
			}
		},
		{
			"name": "aletita_der_2",
			"from": [3.1, 3, 8],
			"to": [3.1, 7, 11],
			"rotation": {"angle": 22.5, "axis": "x", "origin": [3.1, 3, 8]},
			"faces": {
				"north": {"uv": [10.5, 14, 12, 16], "texture": "#0"},
				"east": {"uv": [10.5, 14, 12, 16], "texture": "#0"},
				"south": {"uv": [10.5, 14, 12, 16], "texture": "#0"},
				"west": {"uv": [10.5, 14, 12, 16], "texture": "#0"},
				"up": {"uv": [10.5, 14, 12, 16], "texture": "#0"},
				"down": {"uv": [10.5, 14, 12, 16], "texture": "#0"}
			}
		},
		{
			"name": "colita",
			"from": [6, -4, 12],
			"to": [10, 1, 16],
			"rotation": {"angle": -22.5, "axis": "x", "origin": [6, 1, 12]},
			"faces": {
				"north": {"uv": [9, 6, 11, 8.5], "rotation": 180, "texture": "#0"},
				"east": {"uv": [12, 3, 14.5, 5], "rotation": 270, "texture": "#0"},
				"south": {"uv": [9, 3, 11, 5.5], "texture": "#0"},
				"west": {"uv": [12, 3, 14.5, 5], "rotation": 90, "texture": "#0"},
				"up": {"uv": [0, 6, 2, 8], "rotation": 180, "texture": "#0"},
				"down": {"uv": [0, 6, 2, 8], "texture": "#0"}
			}
		},
		{
			"name": "colita_2",
			"from": [7, -6, 14.75],
			"to": [9, -2, 16.75],
			"rotation": {"angle": 0, "axis": "y", "origin": [7, -6, 14.75]},
			"faces": {
				"north": {"uv": [2.5, 6, 3.5, 8], "texture": "#0"},
				"east": {"uv": [4, 6, 5, 8], "texture": "#0"},
				"south": {"uv": [5.5, 6, 6.5, 8], "texture": "#0"},
				"west": {"uv": [7, 6, 8, 8], "texture": "#0"},
				"up": {"uv": [0, 8.5, 1, 9.5], "texture": "#0"},
				"down": {"uv": [1.5, 8.5, 2.5, 9.5], "texture": "#0"}
			}
		},
		{
			"name": "pompon",
			"from": [6.5, -7, 13.5],
			"to": [9.5, -4, 16.5],
			"rotation": {"angle": 45, "axis": "x", "origin": [6.5, -7, 13.5]},
			"faces": {
				"north": {"uv": [12.5, 14.5, 14, 16], "texture": "#0"},
				"east": {"uv": [12.5, 14.5, 14, 16], "texture": "#0"},
				"south": {"uv": [12.5, 14.5, 14, 16], "texture": "#0"},
				"west": {"uv": [12.5, 14.5, 14, 16], "texture": "#0"},
				"up": {"uv": [12.5, 14.5, 14, 16], "texture": "#0"},
				"down": {"uv": [12.5, 14.5, 14, 16], "texture": "#0"}
			}
		},
		{
			"name": "pompon_ext",
			"from": [6.4, -7.1, 13.4],
			"to": [9.6, -3.9, 16.6],
			"rotation": {"angle": 45, "axis": "x", "origin": [7.25, -7, 13.5]},
			"faces": {
				"north": {"uv": [12.45, 12.45, 14.05, 14.05], "texture": "#0"},
				"east": {"uv": [12.45, 12.45, 14.05, 14.05], "texture": "#0"},
				"south": {"uv": [12.45, 12.45, 14.05, 14.05], "texture": "#0"},
				"west": {"uv": [12.45, 12.45, 14.05, 14.05], "texture": "#0"},
				"up": {"uv": [12.45, 12.45, 14.05, 14.05], "texture": "#0"},
				"down": {"uv": [12.45, 12.45, 14.05, 14.05], "texture": "#0"}
			}
		},
		{
			"name": "oreja_izq",
			"from": [12, -3, 8],
			"to": [12, 2, 14],
			"rotation": {"angle": 45, "axis": "y", "origin": [12, -3, 8]},
			"faces": {
				"north": {"uv": [10.5, 9.5, 13.5, 12], "texture": "#0"},
				"east": {"uv": [10.5, 9.5, 13.5, 12], "texture": "#0"},
				"south": {"uv": [10.5, 9.5, 13.5, 12], "texture": "#0"},
				"west": {"uv": [10.5, 9.5, 13.5, 12], "texture": "#0"},
				"up": {"uv": [10.5, 9.5, 13.5, 12.5], "texture": "#0"},
				"down": {"uv": [10.5, 9.5, 13.5, 12.5], "texture": "#0"}
			}
		},
		{
			"name": "oreja_der",
			"from": [4, -3, 8],
			"to": [4, 2, 14],
			"rotation": {"angle": -45, "axis": "y", "origin": [4, -3, 8]},
			"faces": {
				"north": {"uv": [10.5, 9.5, 13.5, 12], "texture": "#0"},
				"east": {"uv": [10.5, 12, 13.5, 9.5], "texture": "#0"},
				"south": {"uv": [10.5, 9.5, 13.5, 12], "texture": "#0"},
				"west": {"uv": [13.5, 9.5, 10.5, 12], "texture": "#0"},
				"up": {"uv": [10.5, 9.5, 13.5, 12.5], "texture": "#0"},
				"down": {"uv": [10.5, 9.5, 13.5, 12.5], "texture": "#0"}
			}
		}
	],
	"display": {
		"thirdperson_righthand": {
			"rotation": [-146.42, 42.21, -179.25],
			"translation": [0, 2.5, 0],
			"scale": [0.5, 0.5, 0.5]
		},
		"thirdperson_lefthand": {
			"rotation": [-146.42, 42.21, -179.25],
			"translation": [0, 2.5, 0],
			"scale": [0.5, 0.5, 0.5]
		},
		"firstperson_righthand": {
			"rotation": [-45.16, 60.72, 43.52],
			"translation": [-2.75, 3, 1.25],
			"scale": [0.4, 0.4, 0.4]
		},
		"firstperson_lefthand": {
			"rotation": [-45.16, 60.72, 43.52],
			"translation": [-2.75, 3, 1.25],
			"scale": [0.4, 0.4, 0.4]
		},
		"ground": {
			"translation": [0, 3, 0],
			"scale": [0.5, 0.5, 0.5]
		},
		"gui": {
			"rotation": [30, -135, 0],
			"translation": [0.5, 3.75, 0],
			"scale": [0.75, 0.75, 0.75]
		},
		"head": {
			"translation": [0, 16.25, 0],
			"scale": [1.66, 1.66, 1.66]
		},
		"fixed": {
			"rotation": [0, 90, 0],
			"translation": [-1.5, 6.5, 0],
			"scale": [0.75, 0.75, 0.75]
		}
	}
}