{
	"credit": "Made with Blockbench",
	"texture_size": [64, 64],
	"textures": {
		"0": "edoplushies:plushies/edospring/moobloom_glowberry_texture"
	},
	"elements": [
		{
			"from": [4.64233, 2.20921, 5.05519],
			"to": [11.39233, 7.45921, 12.55519],
			"rotation": {"angle": 0, "axis": "y", "origin": [8.01733, -0.04079, 8.43019]},
			"faces": {
				"north": {"uv": [6.508, 5.508, 8.742, 7.242], "texture": "#0"},
				"east": {"uv": [5.008, 2.008, 7.492, 3.742], "texture": "#0"},
				"south": {"uv": [0.008, 6.758, 2.242, 8.492], "texture": "#0"},
				"west": {"uv": [6.508, 3.758, 8.992, 5.492], "texture": "#0"},
				"up": {"uv": [2.242, 2.492, 0.008, 0.008], "texture": "#0"},
				"down": {"uv": [4.492, 0.008, 2.258, 2.492], "texture": "#0"}
			}
		},
		{
			"from": [4.56733, 2.13421, 4.98019],
			"to": [11.46733, 7.53421, 12.63019],
			"rotation": {"angle": 0, "axis": "y", "origin": [8.01733, -0.04079, 8.43019]},
			"faces": {
				"north": {"uv": [2.492, 10.258, 0.258, 11.992], "texture": "#0"},
				"east": {"uv": [13.508, 0.008, 15.992, 1.742], "texture": "#0"},
				"south": {"uv": [2.492, 10.258, 0.258, 11.992], "texture": "#0"},
				"west": {"uv": [10.508, 0.008, 12.992, 1.742], "texture": "#0"}
			}
		},
		{
			"from": [4.49233, 2.05921, 4.90519],
			"to": [11.54233, 7.60921, 12.70519],
			"rotation": {"angle": 0, "axis": "y", "origin": [8.01733, -0.04079, 8.43019]},
			"faces": {
				"north": {"uv": [7.008, 13.766, 9.234, 15.492], "texture": "#0"},
				"east": {"uv": [12.016, 2.008, 14.492, 3.734], "texture": "#0"},
				"south": {"uv": [10.508, 4.258, 12.734, 5.984], "texture": "#0"},
				"west": {"uv": [13.516, 3.758, 15.992, 5.484], "texture": "#0"},
				"up": {"uv": [15.984, 9.492, 13.758, 7.016], "texture": "#0"}
			}
		},
		{
			"from": [4.26583, 2.86737, 1.09174],
			"to": [11.76883, 9.62037, 7.09474],
			"rotation": {"angle": 0, "axis": "y", "origin": [8.01733, -0.13113, 8.21824]},
			"faces": {
				"north": {"uv": [0.008, 2.508, 2.492, 4.742], "texture": "#0"},
				"east": {"uv": [2.508, 4.758, 4.492, 6.992], "texture": "#0"},
				"south": {"uv": [2.508, 2.508, 4.992, 4.742], "texture": "#0"},
				"west": {"uv": [4.508, 4.758, 6.492, 6.992], "texture": "#0"},
				"up": {"uv": [6.992, 1.992, 4.508, 0.008], "texture": "#0"},
				"down": {"uv": [2.492, 4.758, 0.008, 6.742], "texture": "#0"}
			}
		},
		{
			"from": [4.19233, 2.79387, 1.01824],
			"to": [11.84233, 9.69387, 7.16824],
			"rotation": {"angle": 0, "axis": "y", "origin": [8.01733, -0.13113, 8.21824]},
			"faces": {
				"east": {"uv": [10.016, 13.766, 11.992, 15.992], "texture": "#0"},
				"south": {"uv": [10.016, 11.516, 12.492, 13.742], "texture": "#0"},
				"west": {"uv": [12.016, 13.766, 13.992, 15.992], "texture": "#0"},
				"up": {"uv": [15.992, 13.742, 13.516, 11.766], "texture": "#0"},
				"down": {"uv": [11.492, 9.016, 9.016, 10.992], "texture": "#0"}
			}
		},
		{
			"from": [4.11733, 2.71887, 0.94324],
			"to": [11.91733, 9.76887, 7.24324],
			"rotation": {"angle": 0, "axis": "y", "origin": [8.01733, -0.13113, 8.21824]},
			"faces": {
				"north": {"uv": [0.008, 13.766, 2.484, 15.992], "texture": "#0"},
				"east": {"uv": [6.992, 10.008, 5.016, 12.234], "texture": "#0"},
				"south": {"uv": [7.008, 11.258, 9.484, 13.484], "texture": "#0"},
				"west": {"uv": [5.016, 10.008, 6.992, 12.234], "texture": "#0"},
				"up": {"uv": [6.734, 14.742, 4.258, 12.766], "texture": "#0"},
				"down": {"uv": [2.484, 9.758, 0.008, 11.734], "texture": "#0"}
			}
		},
		{
			"from": [9.70483, 6.80637, 1.01824],
			"to": [10.07983, 7.18137, 1.01824],
			"rotation": {"angle": 0, "axis": "y", "origin": [9.89233, 6.99387, 1.01824]},
			"faces": {
				"north": {"uv": [9.375, 0.258, 9.258, 0.375], "texture": "#0"},
				"east": {"uv": [9.258, 0.258, 9.242, 0.375], "texture": "#missing"},
				"south": {"uv": [9.375, 0.258, 9.258, 0.375], "texture": "#0"},
				"west": {"uv": [9.258, 0.258, 9.242, 0.375], "texture": "#missing"},
				"up": {"uv": [9.375, 0.258, 9.258, 0.242], "texture": "#missing"},
				"down": {"uv": [9.375, 0.258, 9.258, 0.242], "texture": "#missing"}
			}
		},
		{
			"from": [5.20483, 6.80637, 1.01824],
			"to": [5.57983, 7.18137, 1.01824],
			"rotation": {"angle": 0, "axis": "y", "origin": [5.39233, 6.99387, 1.01824]},
			"faces": {
				"north": {"uv": [9.258, 0.258, 9.375, 0.375], "texture": "#0"},
				"east": {"uv": [9.258, 0.258, 9.242, 0.375], "texture": "#missing"},
				"south": {"uv": [9.258, 0.258, 9.375, 0.375], "texture": "#0"},
				"west": {"uv": [9.258, 0.258, 9.242, 0.375], "texture": "#missing"},
				"up": {"uv": [9.258, 0.258, 9.375, 0.242], "texture": "#missing"},
				"down": {"uv": [9.258, 0.258, 9.375, 0.242], "texture": "#missing"}
			}
		},
		{
			"from": [11.01733, 8.86887, 5.59324],
			"to": [12.51733, 10.36887, 6.34324],
			"rotation": {"angle": 0, "axis": "y", "origin": [11.76733, 8.68137, 5.78074]},
			"faces": {
				"north": {"uv": [8.492, 3.258, 8.008, 3.742], "texture": "#0"},
				"east": {"uv": [6.492, 4.258, 6.258, 4.742], "texture": "#0"},
				"south": {"uv": [8.992, 0.758, 8.508, 1.242], "texture": "#0"},
				"west": {"uv": [6.492, 3.758, 6.258, 4.242], "texture": "#0"},
				"up": {"uv": [7.008, 1.992, 7.492, 1.758], "texture": "#0"},
				"down": {"uv": [8.508, 1.258, 8.992, 1.492], "texture": "#0"}
			}
		},
		{
			"from": [11.01733, 6.61887, 4.84324],
			"to": [12.51733, 8.86887, 6.34324],
			"rotation": {"angle": 0, "axis": "y", "origin": [11.76733, 8.68137, 5.78074]},
			"faces": {
				"north": {"uv": [7.742, 7.758, 7.258, 8.492], "texture": "#0"},
				"east": {"uv": [8.742, 0.008, 8.258, 0.742], "texture": "#0"},
				"south": {"uv": [8.242, 8.008, 7.758, 8.742], "texture": "#0"},
				"west": {"uv": [8.242, 7.258, 7.758, 7.992], "texture": "#0"},
				"up": {"uv": [4.508, 2.492, 4.992, 2.008], "texture": "#0"},
				"down": {"uv": [7.508, 3.258, 7.992, 3.742], "texture": "#0"}
			}
		},
		{
			"from": [10.57799, 5.11887, 2.65758],
			"to": [14.32799, 8.11887, 2.65758],
			"rotation": {"angle": -45, "axis": "y", "origin": [11.01733, 5.11887, 3.71824]},
			"faces": {
				"north": {"uv": [6.242, 3.758, 5.008, 4.742], "texture": "#0"},
				"east": {"uv": [0.008, 0.008, -0.008, 0.992], "texture": "#0"},
				"south": {"uv": [7.008, 0.008, 8.242, 0.992], "texture": "#0"},
				"west": {"uv": [0.008, 0.008, -0.008, 0.992], "texture": "#0"},
				"up": {"uv": [0.008, 0.008, 1.242, -0.008], "texture": "#0"},
				"down": {"uv": [0.008, 0.008, 1.242, -0.008], "texture": "#0"}
			}
		},
		{
			"from": [3.51733, 8.86887, 5.59324],
			"to": [5.01733, 10.36887, 6.34324],
			"rotation": {"angle": 0, "axis": "y", "origin": [4.26733, 8.68137, 5.78074]},
			"faces": {
				"north": {"uv": [8.008, 3.258, 8.492, 3.742], "texture": "#0"},
				"east": {"uv": [6.258, 3.758, 6.492, 4.242], "texture": "#0"},
				"south": {"uv": [8.508, 0.758, 8.992, 1.242], "texture": "#0"},
				"west": {"uv": [6.258, 4.258, 6.492, 4.742], "texture": "#0"},
				"up": {"uv": [7.492, 1.992, 7.008, 1.758], "texture": "#0"},
				"down": {"uv": [8.992, 1.258, 8.508, 1.492], "texture": "#0"}
			}
		},
		{
			"from": [3.51733, 6.61887, 4.84324],
			"to": [5.01733, 8.86887, 6.34324],
			"rotation": {"angle": 0, "axis": "y", "origin": [4.26733, 8.68137, 5.78074]},
			"faces": {
				"north": {"uv": [7.258, 7.758, 7.742, 8.492], "texture": "#0"},
				"east": {"uv": [7.758, 7.258, 8.242, 7.992], "texture": "#0"},
				"south": {"uv": [7.758, 8.008, 8.242, 8.742], "texture": "#0"},
				"west": {"uv": [8.258, 0.008, 8.742, 0.742], "texture": "#0"},
				"up": {"uv": [4.992, 2.492, 4.508, 2.008], "texture": "#0"},
				"down": {"uv": [7.992, 3.258, 7.508, 3.742], "texture": "#0"}
			}
		},
		{
			"from": [1.70667, 5.11887, 2.65758],
			"to": [5.45667, 8.11887, 2.65758],
			"rotation": {"angle": 45, "axis": "y", "origin": [5.01733, 5.11887, 3.71824]},
			"faces": {
				"north": {"uv": [5.008, 3.758, 6.242, 4.742], "texture": "#0"},
				"east": {"uv": [0.008, 0.008, -0.008, 0.992], "texture": "#0"},
				"south": {"uv": [8.242, 0.008, 7.008, 0.992], "texture": "#0"},
				"west": {"uv": [0.008, 0.008, -0.008, 0.992], "texture": "#0"},
				"up": {"uv": [1.242, 0.008, 0.008, -0.008], "texture": "#0"},
				"down": {"uv": [1.242, 0.008, 0.008, -0.008], "texture": "#0"}
			}
		},
		{
			"from": [5.76733, 2.86887, 0.34324],
			"to": [10.26733, 5.11887, 1.84324],
			"rotation": {"angle": 0, "axis": "y", "origin": [8.01733, 3.99387, 1.09324]},
			"faces": {
				"north": {"uv": [7.008, 1.008, 8.492, 1.742], "texture": "#0"},
				"east": {"uv": [6.258, 7.758, 6.742, 8.492], "texture": "#0"},
				"south": {"uv": [4.758, 7.008, 6.242, 7.742], "texture": "#0"},
				"west": {"uv": [6.758, 7.758, 7.242, 8.492], "texture": "#0"},
				"up": {"uv": [7.742, 7.742, 6.258, 7.258], "texture": "#0"},
				"down": {"uv": [8.992, 1.758, 7.508, 2.242], "texture": "#0"}
			}
		},
		{
			"from": [7.31132, 3.23893, 1.30687],
			"to": [8.81132, 3.23893, 2.80687],
			"rotation": {"angle": 0, "axis": "y", "origin": [7.87382, 9.42643, 4.68187]},
			"faces": {
				"north": {"uv": [9.508, 2.758, 9.992, 2.758], "texture": "#0"},
				"east": {"uv": [9.508, 2.758, 9.992, 2.758], "texture": "#0"},
				"south": {"uv": [9.508, 2.758, 9.992, 2.758], "texture": "#missing"},
				"west": {"uv": [9.508, 2.758, 9.992, 2.758], "texture": "#0"},
				"up": {"uv": [9.508, 2.758, 9.992, 3.242], "texture": "#0"},
				"down": {"uv": [9.992, 3.242, 9.508, 2.758], "texture": "#0"}
			}
		},
		{
			"from": [9.51733, -0.04079, 5.43019],
			"to": [11.01733, 2.20921, 7.68019],
			"rotation": {"angle": 0, "axis": "y", "origin": [10.26733, 2.58421, 6.55519]},
			"faces": {
				"north": {"uv": [8.742, 7.258, 8.258, 7.992], "texture": "#0"},
				"east": {"uv": [6.242, 7.758, 5.508, 8.492], "texture": "#0"},
				"south": {"uv": [8.742, 8.008, 8.258, 8.742], "texture": "#0"},
				"west": {"uv": [5.492, 7.758, 4.758, 8.492], "texture": "#0"},
				"up": {"uv": [0.008, 9.242, 0.492, 8.508], "texture": "#0"},
				"down": {"uv": [0.508, 8.508, 0.992, 9.242], "texture": "#0"}
			}
		},
		{
			"from": [5.01733, -0.04079, 5.43019],
			"to": [6.51733, 2.20921, 7.68019],
			"rotation": {"angle": 0, "axis": "y", "origin": [5.76733, 2.58421, 6.55519]},
			"faces": {
				"north": {"uv": [8.258, 7.258, 8.742, 7.992], "texture": "#0"},
				"east": {"uv": [4.758, 7.758, 5.492, 8.492], "texture": "#0"},
				"south": {"uv": [8.258, 8.008, 8.742, 8.742], "texture": "#0"},
				"west": {"uv": [5.508, 7.758, 6.242, 8.492], "texture": "#0"},
				"up": {"uv": [0.492, 9.242, 0.008, 8.508], "texture": "#0"},
				"down": {"uv": [0.992, 8.508, 0.508, 9.242], "texture": "#0"}
			}
		},
		{
			"from": [5.01733, -0.04844, 9.9448],
			"to": [6.51733, 2.20156, 12.1948],
			"rotation": {"angle": 0, "axis": "y", "origin": [5.76733, 2.57656, 11.0698]},
			"faces": {
				"north": {"uv": [8.258, 7.258, 8.742, 7.992], "texture": "#0"},
				"east": {"uv": [4.758, 7.758, 5.492, 8.492], "texture": "#0"},
				"south": {"uv": [8.258, 8.008, 8.742, 8.742], "texture": "#0"},
				"west": {"uv": [5.508, 7.758, 6.242, 8.492], "texture": "#0"},
				"up": {"uv": [0.492, 9.242, 0.008, 8.508], "texture": "#0"},
				"down": {"uv": [0.992, 8.508, 0.508, 9.242], "texture": "#0"}
			}
		},
		{
			"from": [9.51733, -0.04079, 9.93019],
			"to": [11.01733, 2.20921, 12.18019],
			"rotation": {"angle": 0, "axis": "y", "origin": [10.26733, 2.58421, 11.05519]},
			"faces": {
				"north": {"uv": [8.742, 7.258, 8.258, 7.992], "texture": "#0"},
				"east": {"uv": [6.242, 7.758, 5.508, 8.492], "texture": "#0"},
				"south": {"uv": [8.742, 8.008, 8.258, 8.742], "texture": "#0"},
				"west": {"uv": [5.492, 7.758, 4.758, 8.492], "texture": "#0"},
				"up": {"uv": [0.008, 9.242, 0.492, 8.508], "texture": "#0"},
				"down": {"uv": [0.508, 8.508, 0.992, 9.242], "texture": "#0"}
			}
		},
		{
			"from": [7.64233, 5.20921, 11.80519],
			"to": [8.39233, 6.70921, 15.55519],
			"rotation": {"angle": 0, "axis": "y", "origin": [8.01733, 5.95921, 12.18019]},
			"faces": {
				"north": {"uv": [1.508, 8.508, 1.742, 8.992], "texture": "#0"},
				"east": {"uv": [7.508, 2.258, 8.742, 2.742], "texture": "#0"},
				"south": {"uv": [1.758, 8.508, 1.992, 8.992], "texture": "#0"},
				"west": {"uv": [7.508, 2.758, 8.742, 3.242], "texture": "#0"},
				"up": {"uv": [1.242, 9.742, 1.008, 8.508], "texture": "#0"},
				"down": {"uv": [1.492, 8.508, 1.258, 9.742], "texture": "#0"}
			}
		},
		{
			"from": [7.49233, 5.05921, 11.65519],
			"to": [8.54233, 6.85921, 15.70519],
			"rotation": {"angle": 0, "axis": "y", "origin": [8.01733, 5.95921, 12.18019]},
			"faces": {
				"north": {"uv": [1.508, 14.766, 1.734, 15.242], "texture": "#0"},
				"east": {"uv": [14.516, 2.258, 15.742, 2.734], "texture": "#0"},
				"south": {"uv": [11.258, 3.758, 11.484, 4.234], "texture": "#0"},
				"west": {"uv": [14.516, 2.758, 15.742, 3.234], "texture": "#0"},
				"up": {"uv": [13.984, 10.992, 13.758, 9.766], "texture": "#0"},
				"down": {"uv": [9.734, 4.758, 9.508, 5.984], "texture": "#0"}
			}
		},
		{
			"from": [7.64083, 5.20771, 15.55369],
			"to": [8.39383, 5.96071, 17.05669],
			"rotation": {"angle": 0, "axis": "y", "origin": [8.01733, 5.58421, 15.55519]},
			"faces": {
				"north": {"uv": [2.258, 6.758, 2.492, 6.992], "texture": "#0"},
				"east": {"uv": [8.508, 1.508, 8.992, 1.742], "texture": "#0"},
				"south": {"uv": [6.258, 7.008, 6.492, 7.242], "texture": "#0"},
				"west": {"uv": [8.508, 3.258, 8.992, 3.492], "texture": "#0"},
				"up": {"uv": [2.242, 8.992, 2.008, 8.508], "texture": "#0"},
				"down": {"uv": [4.992, 8.508, 4.758, 8.992], "texture": "#0"}
			}
		}
	],
	"display": {
		"thirdperson_righthand": {
			"rotation": [24, 13, 0],
			"translation": [0, 3, 0],
			"scale": [0.75, 0.75, 0.75]
		},
		"thirdperson_lefthand": {
			"rotation": [24, 13, 0],
			"translation": [0, 3, 0],
			"scale": [0.75, 0.75, 0.75]
		},
		"firstperson_righthand": {
			"rotation": [0, 109, 5],
			"translation": [3.25, 8, 0],
			"scale": [0.76, 0.76, 0.76]
		},
		"firstperson_lefthand": {
			"rotation": [0, 109, 5],
			"translation": [3.25, 8, 0],
			"scale": [0.76, 0.76, 0.76]
		},
		"ground": {
			"translation": [0, 3.5, 0],
			"scale": [0.65, 0.65, 0.65]
		},
		"gui": {
			"rotation": [25, 151, 0],
			"translation": [1, 2, 0],
			"scale": [0.85, 0.85, 0.85]
		},
		"head": {
			"translation": [0, 14.4, 0]
		},
		"fixed": {
			"rotation": [-90, 0, 0],
			"translation": [0, 0, -13.5],
			"scale": [1.7, 1.7, 1.7]
		}
	},
	"groups": [
		{
			"name": "moobloom",
			"origin": [7.90352, 6.52174, 10.06848],
			"color": 0,
			"children": [
				0,
				1,
				2,
				{
					"name": "head",
					"origin": [8.05527, 8.83836, 2.8841],
					"color": 0,
					"children": [
						3,
						4,
						5,
						6,
						7,
						8,
						9,
						10,
						11,
						12,
						13,
						14,
						{
							"name": "tongue",
							"origin": [8.11393, 4.21133, -0.61367],
							"color": 0,
							"children": [15]
						}
					]
				},
				{
					"name": "front_leg_right",
					"origin": [11.05527, 2.83836, 5.3841],
					"color": 0,
					"children": [16]
				},
				{
					"name": "front_leg_left",
					"origin": [5.05527, 2.83836, 5.3841],
					"color": 0,
					"children": [17]
				},
				{
					"name": "back_leg_left",
					"origin": [5.05527, 2.94799, 11.43029],
					"color": 0,
					"children": [18]
				},
				{
					"name": "back_leg_right",
					"origin": [11.05527, 2.83836, 11.3841],
					"color": 0,
					"children": [19]
				},
				{
					"name": "tail",
					"origin": [8.05527, 7.83836, 12.8841],
					"color": 0,
					"children": [
						20,
						21,
						{
							"name": "tail_tip",
							"origin": [8.05527, 7.33836, 17.3841],
							"color": 0,
							"children": [22]
						}
					]
				}
			]
		}
	]
}