{
	"credit": "Made with Blockbench",
	"texture_size": [64, 64],
	"textures": {
		"0": "edoplushies:plushies/edospring/moobloom_sunflower_texture"
	},
	"elements": [
		{
			"from": [4.64233, 2.45921, 5.05519],
			"to": [11.39233, 7.70921, 12.55519],
			"rotation": {"angle": 0, "axis": "y", "origin": [8.01733, 0.20921, 8.43019]},
			"faces": {
				"north": {"uv": [6.508, 5.508, 8.742, 7.242], "texture": "#0"},
				"east": {"uv": [5.008, 2.008, 7.492, 3.742], "texture": "#0"},
				"south": {"uv": [0.008, 6.758, 2.242, 8.492], "texture": "#0"},
				"west": {"uv": [6.508, 3.758, 8.992, 5.492], "texture": "#0"},
				"up": {"uv": [2.242, 2.492, 0.008, 0.008], "texture": "#0"},
				"down": {"uv": [4.492, 0.008, 2.258, 2.492], "texture": "#0"}
			}
		},
		{
			"from": [4.79252, 7.67571, 10.56782],
			"to": [8.54252, 14.42571, 10.56782],
			"rotation": {"angle": 45, "axis": "y", "origin": [7.78411, 7.30071, 9.43867]},
			"faces": {
				"north": {"uv": [2.258, 7.008, 3.492, 9.242], "texture": "#0"},
				"east": {"uv": [0.008, 0.008, 0.008, 2.242], "texture": "#0"},
				"south": {"uv": [3.508, 7.008, 4.742, 9.242], "texture": "#0"},
				"west": {"uv": [0.008, 0.008, 0.008, 2.242], "texture": "#0"},
				"up": {"uv": [1.242, 0.008, 0.008, 0.008], "texture": "#0"},
				"down": {"uv": [1.242, 0.008, 0.008, 0.008], "texture": "#0"}
			}
		},
		{
			"from": [6.90129, 7.67571, 10.6309],
			"to": [10.65129, 14.42571, 10.6309],
			"rotation": {"angle": -45, "axis": "y", "origin": [7.78411, 7.30071, 9.43867]},
			"faces": {
				"north": {"uv": [4.742, 7.008, 3.508, 9.242], "texture": "#0"},
				"east": {"uv": [0.008, 0.008, 0.008, 2.242], "texture": "#0"},
				"south": {"uv": [3.492, 7.008, 2.258, 9.242], "texture": "#0"},
				"west": {"uv": [0.008, 0.008, 0.008, 2.242], "texture": "#0"},
				"up": {"uv": [1.242, 0.008, 0.008, 0.008], "texture": "#0"},
				"down": {"uv": [1.242, 0.008, 0.008, 0.008], "texture": "#0"}
			}
		},
		{
			"from": [6.90527, 7.67566, 8.4465],
			"to": [10.65527, 14.42566, 8.4465],
			"rotation": {"angle": 45, "axis": "y", "origin": [7.77554, 7.30066, 9.43867]},
			"faces": {
				"north": {"uv": [2.258, 7.008, 3.492, 9.242], "texture": "#0"},
				"east": {"uv": [0.008, 0.008, 0.008, 2.242], "texture": "#0"},
				"south": {"uv": [3.508, 7.008, 4.742, 9.242], "texture": "#0"},
				"west": {"uv": [0.008, 0.008, 0.008, 2.242], "texture": "#0"},
				"up": {"uv": [1.242, 0.008, 0.008, 0.008], "texture": "#0"},
				"down": {"uv": [1.242, 0.008, 0.008, 0.008], "texture": "#0"}
			}
		},
		{
			"from": [4.7714, 7.67566, 8.50958],
			"to": [8.5214, 14.42566, 8.50958],
			"rotation": {"angle": -45, "axis": "y", "origin": [7.77554, 7.30066, 9.43867]},
			"faces": {
				"north": {"uv": [4.742, 7.008, 3.508, 9.242], "texture": "#0"},
				"east": {"uv": [0.008, 0.008, 0.008, 2.242], "texture": "#0"},
				"south": {"uv": [3.492, 7.008, 2.258, 9.242], "texture": "#0"},
				"west": {"uv": [0.008, 0.008, 0.008, 2.242], "texture": "#0"},
				"up": {"uv": [1.242, 0.008, 0.008, 0.008], "texture": "#0"},
				"down": {"uv": [1.242, 0.008, 0.008, 0.008], "texture": "#0"}
			}
		},
		{
			"from": [4.26583, 3.11737, 1.09174],
			"to": [11.76883, 9.87037, 7.09474],
			"rotation": {"angle": 0, "axis": "y", "origin": [8.01733, 0.11887, 8.21824]},
			"faces": {
				"north": {"uv": [0.008, 2.508, 2.492, 4.742], "texture": "#0"},
				"east": {"uv": [2.508, 4.758, 4.492, 6.992], "texture": "#0"},
				"south": {"uv": [2.508, 2.508, 4.992, 4.742], "texture": "#0"},
				"west": {"uv": [4.508, 4.758, 6.492, 6.992], "texture": "#0"},
				"up": {"uv": [6.992, 1.992, 4.508, 0.008], "texture": "#0"},
				"down": {"uv": [2.492, 4.758, 0.008, 6.742], "texture": "#0"}
			}
		},
		{
			"from": [9.70483, 7.05637, 1.01824],
			"to": [10.07983, 7.43137, 1.01824],
			"rotation": {"angle": 0, "axis": "y", "origin": [9.89233, 7.24387, 1.01824]},
			"faces": {
				"north": {"uv": [9.375, 0.258, 9.258, 0.375], "texture": "#0"},
				"east": {"uv": [9.258, 0.258, 9.258, 0.375], "texture": "#missing"},
				"south": {"uv": [9.375, 0.258, 9.258, 0.375], "texture": "#0"},
				"west": {"uv": [9.258, 0.258, 9.258, 0.375], "texture": "#missing"},
				"up": {"uv": [9.375, 0.258, 9.258, 0.258], "texture": "#missing"},
				"down": {"uv": [9.375, 0.258, 9.258, 0.258], "texture": "#missing"}
			}
		},
		{
			"from": [5.20483, 7.05637, 1.01824],
			"to": [5.57983, 7.43137, 1.01824],
			"rotation": {"angle": 0, "axis": "y", "origin": [5.39233, 7.24387, 1.01824]},
			"faces": {
				"north": {"uv": [9.258, 0.258, 9.375, 0.375], "texture": "#0"},
				"east": {"uv": [9.258, 0.258, 9.258, 0.375], "texture": "#missing"},
				"south": {"uv": [9.258, 0.258, 9.375, 0.375], "texture": "#0"},
				"west": {"uv": [9.258, 0.258, 9.258, 0.375], "texture": "#missing"},
				"up": {"uv": [9.258, 0.258, 9.375, 0.258], "texture": "#missing"},
				"down": {"uv": [9.258, 0.258, 9.375, 0.258], "texture": "#missing"}
			}
		},
		{
			"from": [11.01733, 9.11887, 5.59324],
			"to": [12.51733, 10.61887, 6.34324],
			"rotation": {"angle": 0, "axis": "y", "origin": [11.76733, 8.93137, 5.78074]},
			"faces": {
				"north": {"uv": [8.492, 3.258, 8.008, 3.742], "texture": "#0"},
				"east": {"uv": [6.492, 4.258, 6.258, 4.742], "texture": "#0"},
				"south": {"uv": [8.992, 0.758, 8.508, 1.242], "texture": "#0"},
				"west": {"uv": [6.492, 3.758, 6.258, 4.242], "texture": "#0"},
				"up": {"uv": [7.008, 1.992, 7.492, 1.758], "texture": "#0"},
				"down": {"uv": [8.508, 1.258, 8.992, 1.492], "texture": "#0"}
			}
		},
		{
			"from": [11.01733, 6.86887, 4.84324],
			"to": [12.51733, 9.11887, 6.34324],
			"rotation": {"angle": 0, "axis": "y", "origin": [11.76733, 8.93137, 5.78074]},
			"faces": {
				"north": {"uv": [7.742, 7.758, 7.258, 8.492], "texture": "#0"},
				"east": {"uv": [8.742, 0.008, 8.258, 0.742], "texture": "#0"},
				"south": {"uv": [8.242, 8.008, 7.758, 8.742], "texture": "#0"},
				"west": {"uv": [8.242, 7.258, 7.758, 7.992], "texture": "#0"},
				"up": {"uv": [4.508, 2.492, 4.992, 2.008], "texture": "#0"},
				"down": {"uv": [7.508, 3.258, 7.992, 3.742], "texture": "#0"}
			}
		},
		{
			"from": [10.57799, 5.36887, 2.65758],
			"to": [14.32799, 8.36887, 2.65758],
			"rotation": {"angle": -45, "axis": "y", "origin": [11.01733, 5.36887, 3.71824]},
			"faces": {
				"north": {"uv": [6.242, 3.758, 5.008, 4.742], "texture": "#0"},
				"east": {"uv": [0.008, 0.008, 0.008, 0.992], "texture": "#0"},
				"south": {"uv": [7.008, 0.008, 8.242, 0.992], "texture": "#0"},
				"west": {"uv": [0.008, 0.008, 0.008, 0.992], "texture": "#0"},
				"up": {"uv": [0.008, 0.008, 1.242, 0.008], "texture": "#0"},
				"down": {"uv": [0.008, 0.008, 1.242, 0.008], "texture": "#0"}
			}
		},
		{
			"from": [3.51733, 9.11887, 5.59324],
			"to": [5.01733, 10.61887, 6.34324],
			"rotation": {"angle": 0, "axis": "y", "origin": [4.26733, 8.93137, 5.78074]},
			"faces": {
				"north": {"uv": [8.008, 3.258, 8.492, 3.742], "texture": "#0"},
				"east": {"uv": [6.258, 3.758, 6.492, 4.242], "texture": "#0"},
				"south": {"uv": [8.508, 0.758, 8.992, 1.242], "texture": "#0"},
				"west": {"uv": [6.258, 4.258, 6.492, 4.742], "texture": "#0"},
				"up": {"uv": [7.492, 1.992, 7.008, 1.758], "texture": "#0"},
				"down": {"uv": [8.992, 1.258, 8.508, 1.492], "texture": "#0"}
			}
		},
		{
			"from": [3.51733, 6.86887, 4.84324],
			"to": [5.01733, 9.11887, 6.34324],
			"rotation": {"angle": 0, "axis": "y", "origin": [4.26733, 8.93137, 5.78074]},
			"faces": {
				"north": {"uv": [7.258, 7.758, 7.742, 8.492], "texture": "#0"},
				"east": {"uv": [7.758, 7.258, 8.242, 7.992], "texture": "#0"},
				"south": {"uv": [7.758, 8.008, 8.242, 8.742], "texture": "#0"},
				"west": {"uv": [8.258, 0.008, 8.742, 0.742], "texture": "#0"},
				"up": {"uv": [4.992, 2.492, 4.508, 2.008], "texture": "#0"},
				"down": {"uv": [7.992, 3.258, 7.508, 3.742], "texture": "#0"}
			}
		},
		{
			"from": [1.70667, 5.36887, 2.65758],
			"to": [5.45667, 8.36887, 2.65758],
			"rotation": {"angle": 45, "axis": "y", "origin": [5.01733, 5.36887, 3.71824]},
			"faces": {
				"north": {"uv": [5.008, 3.758, 6.242, 4.742], "texture": "#0"},
				"east": {"uv": [0.008, 0.008, 0.008, 0.992], "texture": "#0"},
				"south": {"uv": [8.242, 0.008, 7.008, 0.992], "texture": "#0"},
				"west": {"uv": [0.008, 0.008, 0.008, 0.992], "texture": "#0"},
				"up": {"uv": [1.242, 0.008, 0.008, 0.008], "texture": "#0"},
				"down": {"uv": [1.242, 0.008, 0.008, 0.008], "texture": "#0"}
			}
		},
		{
			"from": [5.76733, 3.11887, 0.34324],
			"to": [10.26733, 5.36887, 1.84324],
			"rotation": {"angle": 0, "axis": "y", "origin": [8.01733, 4.24387, 1.09324]},
			"faces": {
				"north": {"uv": [7.008, 1.008, 8.492, 1.742], "texture": "#0"},
				"east": {"uv": [6.258, 7.758, 6.742, 8.492], "texture": "#0"},
				"south": {"uv": [4.758, 7.008, 6.242, 7.742], "texture": "#0"},
				"west": {"uv": [6.758, 7.758, 7.242, 8.492], "texture": "#0"},
				"up": {"uv": [7.742, 7.742, 6.258, 7.258], "texture": "#0"},
				"down": {"uv": [8.992, 1.758, 7.508, 2.242], "texture": "#0"}
			}
		},
		{
			"from": [7.31132, 3.48893, 1.30687],
			"to": [8.81132, 3.48893, 2.80687],
			"rotation": {"angle": 0, "axis": "y", "origin": [7.87382, 9.67643, 4.68187]},
			"faces": {
				"north": {"uv": [9.5, 2.75, 10, 2.75], "texture": "#0"},
				"east": {"uv": [9.5, 2.75, 10, 2.75], "texture": "#0"},
				"south": {"uv": [9.5, 2.75, 10, 2.75], "texture": "#missing"},
				"west": {"uv": [9.5, 2.75, 10, 2.75], "texture": "#0"},
				"up": {"uv": [9.5, 2.75, 10, 3.25], "texture": "#0"},
				"down": {"uv": [10, 3.25, 9.5, 2.75], "texture": "#0"}
			}
		},
		{
			"from": [5.98719, 9.86467, 3.92079],
			"to": [9.73719, 16.61467, 3.92079],
			"rotation": {"angle": -45, "axis": "y", "origin": [7.85567, 10.23967, 3.97672]},
			"faces": {
				"north": {"uv": [4.742, 7.008, 3.508, 9.242], "texture": "#0"},
				"east": {"uv": [0.008, 0.008, 0.008, 2.242], "texture": "#0"},
				"south": {"uv": [3.492, 7.008, 2.258, 9.242], "texture": "#0"},
				"west": {"uv": [0.008, 0.008, 0.008, 2.242], "texture": "#0"},
				"up": {"uv": [1.242, 0.008, 0.008, 0.008], "texture": "#0"},
				"down": {"uv": [1.242, 0.008, 0.008, 0.008], "texture": "#0"}
			}
		},
		{
			"from": [5.92474, 9.86467, 4.0452],
			"to": [9.67474, 16.61467, 4.0452],
			"rotation": {"angle": 45, "axis": "y", "origin": [7.85567, 10.23967, 3.97672]},
			"faces": {
				"north": {"uv": [2.258, 7.008, 3.492, 9.242], "texture": "#0"},
				"east": {"uv": [0.008, 0.008, 0.008, 2.242], "texture": "#0"},
				"south": {"uv": [3.508, 7.008, 4.742, 9.242], "texture": "#0"},
				"west": {"uv": [0.008, 0.008, 0.008, 2.242], "texture": "#0"},
				"up": {"uv": [1.242, 0.008, 0.008, 0.008], "texture": "#0"},
				"down": {"uv": [1.242, 0.008, 0.008, 0.008], "texture": "#0"}
			}
		},
		{
			"from": [9.51733, 0.20921, 5.43019],
			"to": [11.01733, 2.45921, 7.68019],
			"rotation": {"angle": 0, "axis": "y", "origin": [10.26733, 2.83421, 6.55519]},
			"faces": {
				"north": {"uv": [8.742, 7.258, 8.258, 7.992], "texture": "#0"},
				"east": {"uv": [6.242, 7.758, 5.508, 8.492], "texture": "#0"},
				"south": {"uv": [8.742, 8.008, 8.258, 8.742], "texture": "#0"},
				"west": {"uv": [5.492, 7.758, 4.758, 8.492], "texture": "#0"},
				"up": {"uv": [0.008, 9.242, 0.492, 8.508], "texture": "#0"},
				"down": {"uv": [0.508, 8.508, 0.992, 9.242], "texture": "#0"}
			}
		},
		{
			"from": [5.01733, 0.20921, 5.43019],
			"to": [6.51733, 2.45921, 7.68019],
			"rotation": {"angle": 0, "axis": "y", "origin": [5.76733, 2.83421, 6.55519]},
			"faces": {
				"north": {"uv": [8.258, 7.258, 8.742, 7.992], "texture": "#0"},
				"east": {"uv": [4.758, 7.758, 5.492, 8.492], "texture": "#0"},
				"south": {"uv": [8.258, 8.008, 8.742, 8.742], "texture": "#0"},
				"west": {"uv": [5.508, 7.758, 6.242, 8.492], "texture": "#0"},
				"up": {"uv": [0.492, 9.242, 0.008, 8.508], "texture": "#0"},
				"down": {"uv": [0.992, 8.508, 0.508, 9.242], "texture": "#0"}
			}
		},
		{
			"from": [5.01733, 0.20156, 9.9448],
			"to": [6.51733, 2.45156, 12.1948],
			"rotation": {"angle": 0, "axis": "y", "origin": [5.76733, 2.82656, 11.0698]},
			"faces": {
				"north": {"uv": [8.258, 7.258, 8.742, 7.992], "texture": "#0"},
				"east": {"uv": [4.758, 7.758, 5.492, 8.492], "texture": "#0"},
				"south": {"uv": [8.258, 8.008, 8.742, 8.742], "texture": "#0"},
				"west": {"uv": [5.508, 7.758, 6.242, 8.492], "texture": "#0"},
				"up": {"uv": [0.492, 9.242, 0.008, 8.508], "texture": "#0"},
				"down": {"uv": [0.992, 8.508, 0.508, 9.242], "texture": "#0"}
			}
		},
		{
			"from": [9.51733, 0.20921, 9.93019],
			"to": [11.01733, 2.45921, 12.18019],
			"rotation": {"angle": 0, "axis": "y", "origin": [10.26733, 2.83421, 11.05519]},
			"faces": {
				"north": {"uv": [8.742, 7.258, 8.258, 7.992], "texture": "#0"},
				"east": {"uv": [6.242, 7.758, 5.508, 8.492], "texture": "#0"},
				"south": {"uv": [8.742, 8.008, 8.258, 8.742], "texture": "#0"},
				"west": {"uv": [5.492, 7.758, 4.758, 8.492], "texture": "#0"},
				"up": {"uv": [0.008, 9.242, 0.492, 8.508], "texture": "#0"},
				"down": {"uv": [0.508, 8.508, 0.992, 9.242], "texture": "#0"}
			}
		},
		{
			"from": [7.64233, 5.45921, 11.80519],
			"to": [8.39233, 6.95921, 15.55519],
			"rotation": {"angle": 0, "axis": "y", "origin": [8.01733, 6.20921, 12.18019]},
			"faces": {
				"north": {"uv": [1.508, 8.508, 1.742, 8.992], "texture": "#0"},
				"east": {"uv": [7.508, 2.258, 8.742, 2.742], "texture": "#0"},
				"south": {"uv": [1.758, 8.508, 1.992, 8.992], "texture": "#0"},
				"west": {"uv": [7.508, 2.758, 8.742, 3.242], "texture": "#0"},
				"up": {"uv": [1.242, 9.742, 1.008, 8.508], "texture": "#0"},
				"down": {"uv": [1.492, 8.508, 1.258, 9.742], "texture": "#0"}
			}
		},
		{
			"from": [7.64083, 5.45771, 15.55369],
			"to": [8.39383, 6.21071, 17.05669],
			"rotation": {"angle": 0, "axis": "y", "origin": [8.01733, 5.83421, 15.55519]},
			"faces": {
				"north": {"uv": [2.258, 6.758, 2.492, 6.992], "texture": "#0"},
				"east": {"uv": [8.508, 1.508, 8.992, 1.742], "texture": "#0"},
				"south": {"uv": [6.258, 7.008, 6.492, 7.242], "texture": "#0"},
				"west": {"uv": [8.508, 3.258, 8.992, 3.492], "texture": "#0"},
				"up": {"uv": [2.242, 8.992, 2.008, 8.508], "texture": "#0"},
				"down": {"uv": [4.992, 8.508, 4.758, 8.992], "texture": "#0"}
			}
		}
	],
	"display": {
		"thirdperson_righthand": {
			"rotation": [24, 13, 0],
			"translation": [0, 3, 0],
			"scale": [0.75, 0.75, 0.75]
		},
		"thirdperson_lefthand": {
			"rotation": [24, 13, 0],
			"translation": [0, 3, 0],
			"scale": [0.75, 0.75, 0.75]
		},
		"firstperson_righthand": {
			"rotation": [0, 109, 5],
			"translation": [3.25, 8, 0],
			"scale": [0.76, 0.76, 0.76]
		},
		"firstperson_lefthand": {
			"rotation": [0, 109, 5],
			"translation": [3.25, 8, 0],
			"scale": [0.76, 0.76, 0.76]
		},
		"ground": {
			"translation": [0, 3.5, 0],
			"scale": [0.65, 0.65, 0.65]
		},
		"gui": {
			"rotation": [25, 151, 0],
			"translation": [1, 2, 0],
			"scale": [0.85, 0.85, 0.85]
		},
		"head": {
			"translation": [0, 14.4, 0]
		},
		"fixed": {
			"rotation": [-90, 0, 0],
			"translation": [0, 0, -13.5],
			"scale": [1.7, 1.7, 1.7]
		}
	},
	"groups": [
		{
			"name": "moobloom",
			"origin": [7.90352, 5.22174, 10.06848],
			"color": 0,
			"children": [
				0,
				{
					"name": "body_flowers_back",
					"origin": [7.77554, 8.05066, 10.93867],
					"color": 0,
					"children": [1, 2]
				},
				{
					"name": "body_flowers",
					"origin": [7.54541, 7.52171, 7.8507],
					"color": 0,
					"children": [3, 4]
				},
				{
					"name": "head",
					"origin": [8.01733, 6.95921, 4.68019],
					"color": 0,
					"children": [
						5,
						6,
						7,
						8,
						9,
						10,
						11,
						12,
						13,
						14,
						{
							"name": "tongue",
							"origin": [8.06132, 3.48893, 2.05687],
							"color": 0,
							"children": [15]
						},
						{
							"name": "head_flower",
							"origin": [7.87382, 9.49387, 4.0647],
							"color": 0,
							"children": [16, 17]
						}
					]
				},
				{
					"name": "front_leg_right",
					"origin": [10.26733, 2.45921, 6.55519],
					"color": 0,
					"children": [18]
				},
				{
					"name": "front_leg_left",
					"origin": [5.76733, 2.45921, 6.55519],
					"color": 0,
					"children": [19]
				},
				{
					"name": "back_leg_left",
					"origin": [5.76733, 2.54142, 11.08984],
					"color": 0,
					"children": [20]
				},
				{
					"name": "back_leg_right",
					"origin": [10.26733, 2.45921, 11.05519],
					"color": 0,
					"children": [21]
				},
				{
					"name": "tail",
					"origin": [8.01733, 6.20921, 12.18019],
					"color": 0,
					"children": [
						22,
						{
							"name": "tail_tip",
							"origin": [8.01733, 5.83421, 15.55519],
							"color": 0,
							"children": [23]
						}
					]
				}
			]
		}
	]
}